area,perimeter,compactness,mean,stddev,bbox,convex_area,eccentricity,centroid,equv_diam,euler_number,solidity,contrast,dissimilarity,homogeneity,energy,correlation,simple_entropy,class
195115,49190,0.252107731,12.37285664,54.79042673,2346624,1836218,0.518391233,"(849.6566127668298, 1132.5644312328627)",498.4256552,-110,0.10625917,381.7752741,1.497157937,0.994128883,0.949628481,0.936437476,0.194137193,0
258159,65310,0.252983626,16.37067522,62.50218536,2436496,1913674,0.262342303,"(861.8131771505158, 1267.2749003521085)",573.3221151,-75,0.134902287,526.0086784,2.062779131,0.991910794,0.933689548,0.932701046,0.238367476,0
207814,54072,0.260194212,11.83140298,53.63791256,2550120,1985657,0.434251568,"(845.4528665056253, 1304.9232631102814)",514.3899326,-130,0.104657552,394.0206685,1.545179092,0.993940567,0.951553924,0.931548047,0.187768546,0
225521,59470,0.263700498,12.83950952,55.76039745,2498985,1965266,0.509957652,"(889.0995783097804, 1336.3702049919964)",535.8565623,-143,0.114753423,434.6862738,1.704652054,0.993315193,0.947466749,0.930122797,0.1995475,0
208333,53823,0.258350813,11.86095103,53.70158613,2471886,1923009,0.432838596,"(845.9160910657457, 1380.7213019540832)",515.0318573,-105,0.108336986,368.633712,1.4456224,0.99433098,0.951646163,0.936110216,0.188118683,0
213883,51359,0.240126611,12.17692727,54.37682315,2543976,1916553,0.553797908,"(831.8246097165272, 1182.698840020011)",521.847002,-132,0.111597749,380.9495811,1.493919926,0.994141581,0.950367189,0.93560522,0.19184414,0
197632,43409,0.219645604,11.25171468,52.36970651,2490670,1964351,0.251879293,"(828.9244504938472, 1216.6870952072538)",501.6302201,-70,0.100609311,304.4401494,1.193882939,0.995318178,0.954439181,0.944518039,0.180837072,0
203749,47726,0.234239186,12.92036577,55.92635711,2467416,1898658,0.478866526,"(774.6612695031632, 1111.542358490103)",509.3341575,-142,0.107312112,390.2519793,1.530399919,0.993998524,0.947520864,0.937638698,0.200477747,0
236174,57059,0.241597297,13.44601311,56.9906841,2535816,1961053,0.426077784,"(900.884347980726, 1226.893485311677)",548.3667352,-117,0.120432237,412.9882687,1.619561838,0.993648875,0.945385938,0.93644617,0.206474876,0
248129,65010,0.262000814,14.12664301,58.33294031,2591979,2014757,0.293190188,"(877.091242861576, 1321.6070955027426)",562.0744212,-144,0.123155795,475.1485511,1.863327651,0.992692945,0.942363525,0.930206669,0.214114232,0
181079,44902,0.247969118,11.48278967,52.87964549,2202060,1753675,0.548870359,"(781.7871481508071, 1147.7610159101828)",480.163455,-100,0.103256875,344.4713002,1.350867844,0.994702561,0.953253207,0.938428746,0.183614451,0
248333,60331,0.24294395,14.13825727,58.35550776,2626008,2051292,0.419536966,"(874.4431026081915, 1383.3229534536288)",562.3054293,-145,0.12106175,444.9107688,1.744748113,0.993157956,0.942563753,0.934698753,0.21424339,0
258360,61704,0.23882954,14.70912101,59.45138869,2647129,2080841,0.276025052,"(881.3581785106054, 1286.4435903390618)",573.5452631,-25,0.124161337,443.6908007,1.739963924,0.993176717,0.940464112,0.937256448,0.220543555,0
256912,59031,0.229771284,16.29159903,62.3613787,2435148,1894864,0.437894853,"(835.0370165659837, 1118.555244597372)",571.9357638,-117,0.135583345,473.1101553,1.855333942,0.992724293,0.934407906,0.939195377,0.237535779,0
248456,54807,0.220590366,15.75537744,61.39535266,2337357,1851367,0.397993812,"(886.9207747045755, 1166.3891916476157)",562.4446678,-95,0.134201377,444.218179,1.742032075,0.993168607,0.936608019,0.941097917,0.231853184,0
248716,49516,0.199086508,14.16006248,58.39784724,2647129,2047014,0.41183939,"(887.2396830119494, 1392.0059787066373)",562.7388796,-59,0.121501856,338.8606796,1.32886541,0.994788843,0.943337474,0.950336219,0.214485772,0
188142,46981,0.249710325,10.71142377,51.15347948,2388018,1817927,0.5057503,"(845.8966897343496, 1356.6481434235843)",489.4382846,-109,0.103492604,327.6776381,1.285010346,0.994960821,0.956281449,0.937409818,0.174266444,0
235411,55774,0.236921809,14.9281529,59.86509201,2510640,1911047,0.44382621,"(843.039739009647, 1146.037296472977)",547.4802229,-127,0.123184307,462.1422046,1.812322371,0.992892963,0.939506318,0.935548504,0.222936172,0
167608,45985,0.274360412,18.89520202,66.79257336,1406595,1082050,0.37053133,"(634.7110161806119, 875.828146627846)",461.9579349,-66,0.154898572,676.0997564,2.651371594,0.989602624,0.923269105,0.924262986,0.264114578,0
179678,49909,0.27776912,20.25590729,68.95617868,1417270,1090977,0.286933383,"(613.2378477053395, 955.776544707755)",478.3023468,-47,0.164694581,715.2172442,2.804773507,0.989001057,0.918041109,0.924829606,0.277387102,0
244424,57017,0.233270874,13.91570752,57.92114037,2548000,1943673,0.530242586,"(883.6813815337283, 1414.246600170196)",557.8622612,-71,0.125753663,404.564679,1.586528153,0.993778417,0.943712232,0.939726578,0.211761557,0
241831,59837,0.247433125,15.33526532,60.62443645,2387448,1818124,0.561839141,"(856.8647857388011, 1342.1732532222916)",554.8952985,-97,0.13301128,489.3841352,1.919153471,0.992474024,0.937786879,0.933448254,0.227347878,0
202840,46454,0.229017945,11.54821995,53.02296392,2635722,2040052,0.401517531,"(854.7687241175311, 1387.6871425754289)",508.196723,-66,0.099428838,331.6570581,1.300615914,0.994899624,0.953111402,0.94103808,0.184397397,0
184602,46505,0.251920348,11.7061942,53.36707353,2383740,1793903,0.498643535,"(821.1574034950868, 1155.4864736026695)",484.8118877,-76,0.10290523,376.1133526,1.474954324,0.994215954,0.952164387,0.933995405,0.186281475,0
269395,65444,0.242929527,17.08318537,63.75246699,2415600,1926329,0.501522393,"(845.7119174446444, 1279.0346591436366)",585.665747,-89,0.139848904,549.9505177,2.156668697,0.991542606,0.930890553,0.932370528,0.245790079,0
263767,67607,0.256313337,15.01695588,60.03178147,2629190,2044341,0.402677215,"(870.6952954691072, 1275.4608840378062)",579.5158108,-165,0.129022996,509.2205189,1.996943212,0.992168971,0.938800351,0.929375345,0.223902396,0
218073,50789,0.232899075,12.4154751,54.8798882,2595305,1961717,0.456738943,"(886.3980180948581, 1251.8413879755863)",526.9337408,-131,0.111164352,360.3263098,1.413044352,0.994458735,0.949642158,0.940202843,0.194634277,0
239869,58293,0.243020148,15.21084872,60.39367935,2480400,1925650,0.569579155,"(830.0052653740166, 1217.8287356848946)",552.6397528,-61,0.124565212,475.6014007,1.865103532,0.992685981,0.938356153,0.9348274,0.226004465,0
204773,51031,0.249207659,12.98530083,56.05919795,2484932,1836896,0.443452376,"(799.6934654471048, 1221.9610690862564)",510.612457,-53,0.111477732,413.3202649,1.620863784,0.993643769,0.947094342,0.934265084,0.201223309,0
298850,77616,0.259715576,17.01432426,63.63305317,2642118,2073739,0.438161947,"(875.7094194411912, 1352.090155596453)",616.8530116,-144,0.144111675,577.2773141,2.263832604,0.991122362,0.930921374,0.928742042,0.245078247,0
130107,36682,0.281937175,14.667546,59.37244583,1339254,1008178,0.517832325,"(624.9601712436687, 865.6416103668519)",407.0102916,-18,0.129051616,530.5021657,2.08040065,0.991841692,0.939909828,0.924791563,0.22008788,0
226614,57372,0.25317059,12.90173691,55.88817494,2645502,1961074,0.37397073,"(830.7111740669155, 1270.764573239076)",537.153522,-141,0.115556068,417.9843288,1.63915423,0.993572043,0.947368876,0.933114574,0.200263609,0
272655,63688,0.233584567,15.52297333,60.97044775,2632396,2024908,0.264876918,"(877.3044983587317, 1279.3638590893254)",589.198717,-98,0.134650562,448.1349704,1.757392041,0.993108372,0.937431102,0.939746351,0.229366732,0
265974,64337,0.241892065,15.14260626,60.26662485,2601769,2036346,0.30599411,"(899.3501846045102, 1355.1956507027003)",581.9352324,-102,0.130613363,446.8569085,1.752380033,0.993128027,0.93884069,0.938506709,0.225265803,0
246197,61357,0.249219121,14.01664912,58.11866372,2643755,2052717,0.377953985,"(866.9733912273505, 1245.9213150444564)",559.8819127,-133,0.119937137,432.7982278,1.697247952,0.993344228,0.943111317,0.935957776,0.212889055,0
256333,60470,0.235904078,14.59371852,59.2319306,2572716,2031440,0.275483178,"(896.7886538213963, 1334.923365309968)",571.2909173,-88,0.126182905,422.5737328,1.657151893,0.993501465,0.941060332,0.939799054,0.219277497,0
249953,59959,0.239881098,14.23048817,58.53432916,2640589,2054173,0.273053584,"(879.994366940985, 1283.148483914976)",564.1365472,-76,0.121680598,444.9398157,1.744862022,0.993157509,0.942222303,0.935092885,0.215267657,0
197522,47953,0.242772957,11.24545209,52.35580282,2642140,2020082,0.462523811,"(862.9377588319276, 1325.5989105011088)",501.4905995,-50,0.097779199,353.1226883,1.384794856,0.994569515,0.954074341,0.935611823,0.18076153,0
208408,52868,0.253675483,13.21580763,56.52763372,2510628,1889361,0.430727218,"(825.1354650493263, 1194.5784230931633)",515.1245549,-41,0.110306077,429.6589525,1.684937069,0.993392505,0.946106211,0.932794378,0.203859114,0
258879,64658,0.249761472,14.73866906,59.50741336,2679733,2086269,0.375938475,"(859.7272509550794, 1337.679332815717)",574.12105,-112,0.124087066,456.4714195,1.790083998,0.992980171,0.94025202,0.935570591,0.220867114,0
226051,49007,0.21679621,12.86968383,55.82240244,2642250,2045495,0.428118694,"(870.6567809919001, 1185.5533043428252)",536.4858547,-50,0.110511637,355.2140623,1.392996323,0.994537353,0.947991403,0.943024987,0.199894899,0
226784,48345,0.213176415,12.91141547,55.90801637,2601768,2039797,0.50412089,"(876.1064757654862, 1219.3448347326091)",537.3549636,-41,0.111179691,336.4207433,1.319297032,0.994826366,0.947986986,0.946204499,0.200374878,0
221855,52850,0.238218656,14.06852425,58.21984463,2464756,1903103,0.494195818,"(807.3119965743391, 1152.464618782538)",531.4833574,-111,0.116575403,442.1151797,1.733785018,0.993200948,0.942843284,0.934807543,0.213467315,0
257589,59991,0.232894262,16.33452973,62.43787488,2461757,1927383,0.419241997,"(820.3102927531843, 1270.7500203813051)",572.6888344,-95,0.133647023,501.8727162,1.968128299,0.992281969,0.934017507,0.935656728,0.237987509,0
206475,50997,0.24698874,13.09323001,56.27913451,2392368,1848530,0.532889708,"(822.5552100738588, 1148.8639883763167)",512.7300801,-144,0.111696862,424.0293849,1.662860333,0.993479079,0.946607054,0.933087942,0.202459548,0
177132,45575,0.257293995,10.08459523,49.69781406,2475896,1860852,0.629086807,"(850.7570625296389, 1185.9234469209403)",474.901534,-142,0.095188656,326.5738574,1.280681794,0.994977796,0.958649031,0.933912981,0.166503187,0
271293,62811,0.231524588,17.20354353,63.96046974,2477460,1933706,0.393051946,"(836.9245280932423, 1253.9073363485236)",587.7252554,-67,0.140296922,521.1879568,2.04387434,0.99198493,0.930685192,0.936323739,0.247031447,0
228878,57119,0.249560901,13.03063245,56.15170427,2638998,2014097,0.402155538,"(858.4970246157342, 1336.0442375413977)",539.8300849,-88,0.113638022,407.3531777,1.597463442,0.993735534,0.946974528,0.935426151,0.201742994,0
254828,65344,0.256423941,14.50803487,59.06831483,2661762,2054451,0.314223241,"(868.3664981870124, 1276.754336258182)",569.6113471,-98,0.12403703,469.5134601,1.841229255,0.992779604,0.940998466,0.932740843,0.218335024,0
234289,56005,0.239042379,13.33869505,56.77540358,2566340,2034191,0.293761107,"(873.9416105749737, 1282.6876805996014)",546.173983,-44,0.115175517,400.1205093,1.569100036,0.993846761,0.945887701,0.937958538,0.205257497,0
180536,43913,0.243236806,10.27839399,50.15321609,2382724,1915821,0.445441888,"(867.4370042539992, 1435.2574555767271)",479.4429835,-98,0.094234273,321.3163756,1.260064218,0.995058648,0.957960807,0.936152375,0.168919941,0
218142,52716,0.241659103,13.83307123,57.75880282,2293110,1844256,0.452164947,"(871.907661064811, 1319.72570619138)",527.0170972,-35,0.118281844,416.4909409,1.633297808,0.993595009,0.943921362,0.937601662,0.210836265,0
201212,50781,0.252375604,11.45553359,52.81980514,2563005,2025056,0.534489564,"(910.955638828698, 1339.3065622328688)",506.1532132,-58,0.099361203,373.6007253,1.465100883,0.994254595,0.953123762,0.933069445,0.18328785,0
252564,57651,0.228262935,14.37913934,58.82109216,2656900,2037538,0.524699548,"(871.5634848988772, 1267.2189979569534)",567.0753675,-74,0.12395548,410.19977,1.608626549,0.993691758,0.941952581,0.940742724,0.216913278,0
212701,50133,0.235697058,13.48804028,57.07471455,2382182,1900841,0.456706014,"(862.2407134898284, 1166.801754575672)",520.4030403,-44,0.111898365,402.2552527,1.577471579,0.993813932,0.945315163,0.938281155,0.206950651,0
227521,53225,0.23393445,12.95337483,55.99393416,2622708,2026350,0.494539767,"(869.4044242069963, 1218.7492802862153)",538.2274003,-78,0.112281195,368.3141966,1.444369398,0.994335893,0.947574983,0.94128516,0.200856914,0
243269,57654,0.236996905,13.8499503,57.79200813,2626000,2060098,0.372504694,"(853.5156267341914, 1368.8810164879208)",556.5426406,-109,0.11808613,405.5813191,1.590514977,0.993762782,0.943947604,0.93930479,0.211025429,0
283241,72545,0.256124643,16.12566243,62.06453843,2664946,2085677,0.387476157,"(896.8885154338532, 1344.711715464922)",600.5278028,-98,0.135802907,531.1218521,2.082830792,0.991832162,0.934547158,0.931083876,0.235785278,0
274313,65302,0.238056527,17.39505124,64.28958126,2516940,1956495,0.326807716,"(826.3341948795719, 1272.422422561089)",590.9874442,-98,0.140206338,520.8644184,2.042605562,0.991989905,0.929989867,0.937013117,0.248999359,0
204799,48206,0.235382009,11.65975102,53.26618737,2584014,1937408,0.354418693,"(819.7973476432991, 1240.6612678772844)",510.6448722,-76,0.105707729,346.5580977,1.359051364,0.994670469,0.952575015,0.938950336,0.185728486,0
204457,49845,0.243792093,11.64028006,53.22382262,2634065,2010594,0.334006641,"(800.2629452647745, 1207.1237130545787)",510.2183235,-95,0.101689849,372.409804,1.460430604,0.994272909,0.952441493,0.934291823,0.185496423,0
204438,45999,0.225002201,12.96405743,56.01578223,2507466,1909679,0.236651944,"(769.8537943043857, 1188.2987360471145)",510.1946159,-52,0.107053594,372.9750305,1.462647178,0.994264217,0.947496892,0.940589651,0.200979547,0
191016,43705,0.228802823,12.11292614,54.24088112,2359040,1811438,0.370440201,"(816.0422268291661, 1299.48829417431)",493.1623717,-87,0.105449924,352.9480055,1.384109825,0.994572202,0.95082919,0.940040256,0.191092301,0
281566,67741,0.240586577,16.03030023,61.89310166,2560730,1990351,0.315019439,"(824.57478175632, 1374.575168876924)",598.7495016,-70,0.1414655,523.0177779,2.051050109,0.99195679,0.93496248,0.931758962,0.234776051,0
238597,54041,0.226494885,15.1301872,60.24346579,2469540,1909030,0.500455532,"(881.2833396899374, 1183.2095374208393)",551.1725099,-63,0.124983369,439.4298112,1.723254162,0.993242244,0.9389453,0.939483409,0.22513124,0
224133,56469,0.251944158,12.760487,55.59760926,2635750,2038839,0.344591456,"(845.7628015508649, 1352.9491462658332)",534.2050158,-82,0.109931682,413.7434871,1.622523479,0.993637261,0.947928724,0.933099373,0.198636317,0
256068,55796,0.217895247,16.23807833,62.26583964,2464416,1902312,0.373659793,"(850.0642485589765, 1274.2437907118422)",570.9955374,-75,0.134608834,471.0718636,1.847340641,0.992755638,0.934620444,0.939271414,0.236971954,0
282839,65809,0.232673005,17.93571175,65.20672312,2470860,1917696,0.226406831,"(814.0381489115716, 1191.0706515013842)",600.1014911,-113,0.147488966,532.6735688,2.088915956,0.991808299,0.927926879,0.93738427,0.25450753,0
208500,47388,0.227280576,11.87045878,53.72205504,2543961,1953825,0.424766112,"(849.7053381294965, 1340.3343788968825)",515.2382411,-73,0.106713754,337.7859457,1.324650768,0.994805371,0.951857137,0.941501202,0.188231283,0
220031,54647,0.248360458,12.52694924,55.11304382,2656899,2033519,0.369840262,"(854.5523176279706, 1344.7734682840146)",529.2940301,-81,0.108202087,397.2448701,1.55782302,0.993890984,0.94893099,0.934632695,0.195931618,0
264180,63419,0.240059808,15.04046907,60.07581796,2647065,2038133,0.234247733,"(873.3495646907412, 1292.4235786206375)",579.9693293,-81,0.129618626,450.0811101,1.765023961,0.993078444,0.93919084,0.937668967,0.224157865,0
238697,53041,0.222210585,13.5896542,57.27724783,2674854,2038085,0.509808691,"(877.9737030628788, 1194.1805133705075)",551.2880006,-78,0.117118275,370.9865078,1.45484905,0.994294797,0.945190575,0.94347954,0.208098748,0
287382,57619,0.200496204,16.36142056,62.48572765,2656851,2069934,0.383694189,"(870.6464218357447, 1257.468160845147)",604.9017497,-59,0.138836311,423.0675294,1.659088351,0.993493871,0.934559629,0.945842084,0.238270221,0
200120,47509,0.237402558,11.39336313,52.68300365,2569584,1938013,0.494219754,"(839.9193683789726, 1239.8040225864481)",504.7778697,-73,0.103260401,320.9097195,1.258469488,0.995064901,0.953777041,0.942210082,0.182541884,0
262992,62385,0.237212539,14.97283308,59.94903422,2632486,2059186,0.439966778,"(893.0743178499727, 1353.693515392103)",578.6638181,-127,0.127716486,459.9279959,1.8036392,0.992927014,0.939360591,0.936035599,0.22342259,0
276894,66508,0.240192998,15.76431086,61.41160943,2626000,2057807,0.27792729,"(872.37502798905, 1299.8981451385728)",593.7612235,-45,0.134557808,498.9379302,1.956619334,0.992327101,0.936133546,0.933876014,0.231948474,0
236954,58857,0.248389983,13.49042058,57.07946916,2676487,2008705,0.464190025,"(855.6014711716198, 1208.4300919165746)",549.2715204,-71,0.117963564,390.4188577,1.531054344,0.993995958,0.945402435,0.940106083,0.206977581,0
253284,63346,0.250098703,14.42013085,58.89985733,2638988,2060574,0.455479636,"(909.0198749230113, 1255.7530874433442)",567.8830908,-114,0.122919148,467.654461,1.833939063,0.992808193,0.941338264,0.932623404,0.217365942,0
227155,55384,0.243815897,12.93253748,55.95128714,2647080,2042430,0.421397876,"(894.3429112280161, 1222.3406616627412)",537.7943183,-158,0.11121801,413.4820653,1.621498295,0.993641281,0.947290329,0.9339842,0.200617601,0
272193,68929,0.253235756,15.49667044,60.92211559,2650383,2034874,0.304492051,"(873.553206731988, 1275.4198675204725)",588.6993217,-138,0.133764056,492.8961831,1.932926208,0.992420014,0.937165901,0.933622825,0.22908441,0
237005,57371,0.242066623,15.02923346,60.05478061,2507430,1886817,0.461878635,"(810.7133140651041, 1214.0401594903062)",549.3306275,-61,0.125611016,457.9362058,1.795828258,0.992957645,0.939167712,0.936537881,0.22403581,0
230690,55499,0.240578265,14.62877942,59.2987147,2386736,1844242,0.43506264,"(832.8204473535914, 1249.2173566257748)",541.9627576,-93,0.125086621,450.3007004,1.765885099,0.993075067,0.940706264,0.935994616,0.219662544,0
235512,60084,0.255120758,13.40832369,56.91519478,2663408,2017295,0.237149805,"(823.6827847413296, 1254.149045483882)",547.5976549,-123,0.116746435,448.7740014,1.759898045,0.993098545,0.945238642,0.930755871,0.206047746,0
255393,54529,0.213510159,14.54020182,59.12980632,2635740,2065741,0.463399273,"(881.2190780483412, 1225.1283042213372)",570.2424634,-62,0.123632634,394.3111371,1.546318185,0.9939361,0.941485867,0.943631213,0.218689089,0
206951,52097,0.251735918,11.7822701,53.53183153,2510400,1974741,0.346796112,"(832.6501925576586, 1239.5058975312998)",513.3207545,-121,0.10479906,388.5308118,1.523650242,0.994024993,0.951781526,0.932234008,0.18718566,0
258927,66382,0.256373418,14.74140183,59.51259143,2598463,2039126,0.405960065,"(868.6251105523951, 1339.4186971617482)",574.1742728,-159,0.126979402,490.4562468,1.923357831,0.992457536,0.939968014,0.930785792,0.220897026,0
225823,55958,0.24779584,12.85670318,55.79573904,2512896,1972819,0.437027276,"(911.3695372039164, 1398.2819597649486)",536.2152308,-70,0.114467166,405.20371,1.589034157,0.993768589,0.947638899,0.934944703,0.199745487,0
291851,68006,0.233016162,16.6158526,62.9361252,2651982,2076638,0.342542048,"(876.4576033661012, 1354.878383147565)",609.5869375,-107,0.140540142,477.4142062,1.872212573,0.992658103,0.933187787,0.939756605,0.240936026,0
224902,53053,0.235893856,12.80426821,55.68787219,2572672,1988018,0.456717545,"(891.5903771420441, 1283.1404834105522)",535.1206594,-69,0.113128754,400.1495562,1.569213946,0.993846314,0.947874593,0.935507031,0.199141392,0
245395,63519,0.258843905,13.97098913,58.0294209,2508327,2007519,0.366392833,"(900.6111534464842, 1366.5181075409034)",558.9692461,-89,0.122237946,501.3197728,1.965959893,0.992290472,0.942729676,0.925590138,0.212379417,0
267511,66429,0.248322499,15.23011175,60.42948115,2611407,2010966,0.390551747,"(863.8456885885066, 1351.3950267465636)",583.6142423,-175,0.133026118,487.6677481,1.912422542,0.992500419,0.938188931,0.933251829,0.226212738,0
232244,52515,0.226119943,13.22226777,56.54069257,2587216,1977381,0.553982244,"(883.8915149584058, 1228.1399519470901)",543.7851091,-59,0.117450304,348.3299563,1.365999828,0.99464322,0.946736059,0.945539683,0.203932743,0
196341,50323,0.256304083,11.17821462,52.20624719,2544288,1928307,0.523694943,"(854.950810070235, 1280.4311121976561)",499.9891253,-58,0.101820405,360.5877316,1.414069536,0.994454715,0.954266971,0.933873414,0.179949583,0
252893,55862,0.22089184,16.03674158,61.90470113,2451956,1928091,0.224772342,"(868.969469301246, 1213.3590767636906)",567.4445948,-48,0.131162378,470.5218484,1.845183719,0.992764097,0.93536273,0.93863255,0.234844295,0
274285,71271,0.259842864,17.39327567,64.28654025,2526468,1963971,0.312380795,"(831.1652259511093, 1262.912284667408)",590.9572815,-39,0.139658376,592.9811206,2.325416159,0.990880861,0.929410092,0.928285433,0.248981155,0
226981,55159,0.24301153,14.39358005,58.84885527,2385138,1861143,0.424076212,"(847.592648723902, 1275.2004617126543)",537.5883045,-58,0.121957851,419.4351401,1.644843687,0.993549732,0.941823723,0.939466883,0.2170728,0
245848,60066,0.244321695,15.58999594,61.09337928,2430432,1910737,0.404810989,"(826.4565951319514, 1291.2076445608668)",559.4849378,-68,0.128666583,465.3775883,1.82501015,0.992843208,0.937044178,0.937680729,0.230085277,0
259813,63647,0.244972345,14.79184416,59.60806663,2582449,1974620,0.278443874,"(833.8201475676736, 1302.290316496865)",575.1557927,-117,0.131576202,456.1228572,1.788717087,0.992985531,0.940058648,0.935837023,0.221448775,0
261620,59335,0.22679841,16.59014813,62.89081617,2523302,1945730,0.21805578,"(820.4056073694671, 1265.3429592538796)",577.1524319,-35,0.134458532,478.319123,1.875761267,0.992644187,0.933273204,0.939556547,0.240667454,0
226480,57114,0.252181208,12.89410794,55.87252907,2498980,1946617,0.541586527,"(853.5260022960085, 1268.798865241964)",536.9946853,-97,0.116345434,395.995855,1.552924922,0.993910192,0.947573484,0.936597654,0.200175882,0
214259,44127,0.205951675,12.19833395,54.42219957,2456064,1892639,0.522501576,"(829.3134057379153, 1329.0099179030985)",522.3054964,-30,0.11320648,300.6640575,1.179074735,0.995376249,0.950929881,0.949261202,0.192095301,0
267294,65583,0.245359043,15.21775736,60.40652273,2658488,2061505,0.113874823,"(862.3934506573287, 1312.9379035818238)",583.3774857,-150,0.129659642,491.7633555,1.928483747,0.992437435,0.938201359,0.932640082,0.226079173,0
293309,69797,0.237964058,16.69886041,63.08214855,2611375,2058385,0.299773194,"(870.5166428578734, 1317.1504113409408)",611.1076972,-77,0.142494723,531.5866019,2.084653341,0.991825015,0.932444691,0.933230944,0.241802191,0
285373,68351,0.2395146,16.24704285,62.28185551,2661790,2074534,0.36992713,"(886.790313028913, 1346.5814915917063)",602.7836997,-127,0.13756005,499.6350548,1.959353156,0.99231638,0.934357278,0.935621087,0.237066444,0
280136,61628,0.219993146,15.94888653,61.74624753,2640609,2076192,0.281030458,"(859.5204936173858, 1256.0007603449753)",597.2271202,-62,0.134927791,439.9147088,1.725155721,0.993234787,0.935934066,0.94232854,0.233912564,0
220499,56873,0.257928607,12.55359372,55.16859328,2559375,1912011,0.433125431,"(873.0446260527259, 1369.2763413893033)",529.8566281,-99,0.115323081,398.5810257,1.563062846,0.993870436,0.948820974,0.934544838,0.1962411,0
241644,61828,0.255863998,13.75743474,57.60971139,2630763,2040848,0.432344245,"(841.6858808826207, 1259.3604310473258)",554.6807159,-241,0.118403722,466.173071,1.82812969,0.992830974,0.943803487,0.929795045,0.209987558,0
207946,50437,0.242548546,13.18651075,56.46836439,2275416,1830051,0.487598327,"(766.3636328662249, 1154.4901416713953)",514.5532726,-133,0.113628527,400.2493149,1.569605156,0.99384478,0.946451021,0.937263035,0.203525037,0
261352,68086,0.260514555,14.87946352,59.7734453,2674858,2070081,0.314020486,"(888.2093077535278, 1359.146381125838)",576.8567426,-211,0.126252065,519.9678575,2.039089637,0.992003693,0.939220791,0.927260095,0.222405472,0
229901,55006,0.239259507,13.08887456,56.27027967,2577588,2026283,0.267954096,"(852.2736482224958, 1373.1750710088256)",541.0351602,-125,0.113459472,391.4645447,1.535155077,0.993979877,0.946885395,0.938206076,0.202409731,0
158500,43763,0.276107256,17.86841631,65.09351624,1406515,1100766,0.422937281,"(605.6266246056782, 855.982309148265)",449.2309738,-26,0.143990639,614.489713,2.409763581,0.990550092,0.927496523,0.927524403,0.25382572,0
298743,74917,0.250774077,17.00823246,63.62247485,2676447,2075519,0.263709418,"(866.7679343114315, 1369.99394797535)",616.742573,-58,0.143936529,542.7986902,2.128622314,0.99165259,0.931223456,0.932975733,0.245015218,0
269290,68615,0.254799658,15.33139494,60.61727509,2616234,2054466,0.467095597,"(880.9767685394927, 1256.5559285528611)",585.5516006,-159,0.131075423,522.9015904,2.050594472,0.991958577,0.937531672,0.928872051,0.22730615,0
256213,66095,0.257968956,16.24727323,62.28226704,2510634,1965024,0.266295613,"(817.7267742073977, 1210.952016486283)",571.1571793,-40,0.130386703,531.7676614,2.085363378,0.99182223,0.934094961,0.931482926,0.237068872,0
263752,66927,0.253749735,15.01610189,60.0301813,2655160,2070781,0.43972165,"(888.6662963693167, 1353.6142436834602)",579.4993325,-149,0.12736837,493.3028392,1.934520938,0.99241376,0.938931855,0.931579347,0.223893114,0
255946,62100,0.242629305,16.23034192,62.25201355,2507472,1941556,0.350899229,"(835.855434349433, 1175.7016440968016)",570.8594998,-87,0.131825196,512.3230055,2.009109825,0.992121259,0.934314481,0.933924151,0.236890393,0
321864,74083,0.230168643,20.4104099,69.19587916,2524872,1954246,0.353862397,"(839.1088037183407, 1271.046528968757)",640.1640203,-76,0.164699838,605.9226553,2.376167276,0.99068184,0.918392814,0.936749235,0.278869065,0
221269,51585,0.233132522,14.03136414,58.14738753,2442440,1884449,0.299365361,"(749.8534815089325, 1280.4394198916252)",530.7809726,-77,0.117418407,415.876218,1.63088713,0.993604463,0.943191965,0.93852371,0.213053167,0
280186,70511,0.251657827,15.95173316,61.75138999,2655270,2079233,0.511936308,"(869.1461422055349, 1268.3651895526543)",597.2804158,-104,0.134754498,529.8147433,2.077704876,0.991852263,0.935195759,0.93055449,0.233942786,0
238316,58606,0.245917186,13.56796286,57.23408872,2627640,2009607,0.243166177,"(879.6837895902919, 1248.0499253092532)",550.8478514,-64,0.118588361,427.8602615,1.677883378,0.993420166,0.944813942,0.934716377,0.20785393,0
162808,44919,0.275901676,18.35407648,65.90460818,1416091,1095806,0.458554766,"(642.3580598005012, 895.9265330941969)",455.2950514,-58,0.148573744,658.266784,2.581438369,0.989876868,0.925375733,0.924260306,0.258722483,0
278752,63098,0.226358914,15.87009174,61.60368155,2559639,2045332,0.295820839,"(852.7600985822523, 1336.1390913787166)",595.7500059,-57,0.136286921,469.4844132,1.841115346,0.992780051,0.935983576,0.938166848,0.233075199,0
218819,53903,0.246336013,12.45794686,54.968864,2413356,1870193,0.175699232,"(848.0390185495775, 1295.0406454649733)",527.834258,-126,0.117003432,381.2690966,1.495172928,0.994136667,0.949316125,0.936931992,0.19512905,0
253743,65471,0.258020911,14.44626294,58.95000031,2541308,1943256,0.420878789,"(854.4043382477546, 1294.2912947352243)",568.3974154,-101,0.130576208,449.2387511,1.761720593,0.993091398,0.941389997,0.935386677,0.217654263,0
241729,63369,0.262148935,13.76227401,57.61926489,2661762,2033116,0.431455049,"(857.3664061821296, 1345.872642504623)",554.7782637,-146,0.118895823,459.2308713,1.800905378,0.992937735,0.943841297,0.930863462,0.21004191,0
244119,51672,0.211667261,13.89834306,57.88707576,2676492,2040640,0.576108771,"(874.7363089312998, 1357.3350169384603)",557.5140935,-49,0.119628646,329.0137937,1.290250172,0.994940273,0.944384943,0.9509247,0.211567293,0
262435,59970,0.228513727,16.64182985,62.98187129,2516926,1947668,0.206774264,"(820.1933926496084, 1264.7071960675976)",578.0507071,-34,0.13474319,483.6251523,1.896569225,0.992562588,0.933041176,0.939062619,0.241207278,0
250800,63372,0.252679426,14.27871013,58.62754916,2598319,2013474,0.410779325,"(885.5323724082934, 1356.3243500797448)",565.0915659,-97,0.124560834,445.4917061,1.747026298,0.993149022,0.942039519,0.935218872,0.215802195,0
274611,73747,0.268550786,15.63433361,61.17452642,2686317,2082696,0.415044403,"(859.101685657166, 1258.0062888959292)",591.3083668,-134,0.131853617,531.354227,2.083742067,0.991828588,0.936349078,0.929033028,0.230559957,0
250881,62101,0.247531698,14.28332168,58.6364541,2648700,2080134,0.405297206,"(827.9390029535915, 1259.923497594477)",565.1828113,-126,0.120608095,466.5797271,1.82972442,0.99282472,0.941852733,0.932172965,0.215853278,0
263324,58744,0.223086388,14.99173472,59.98450002,2645460,2039009,0.125286563,"(883.2882076833102, 1322.8275318618887)",579.0289543,-30,0.129143128,431.3458848,1.691552489,0.993366563,0.939521675,0.940081565,0.223628199,0
222504,58414,0.262530112,12.6677437,55.40580216,2452800,1886173,0.365342909,"(866.0445924567648, 1385.1377728040845)",532.2601729,-97,0.117965849,426.7274339,1.673440917,0.993437588,0.948170269,0.930521369,0.197564347,0
271034,72507,0.267519942,15.4306855,60.80064758,2686320,2076455,0.247039839,"(870.7256432772272, 1354.9849280902026)",587.4446414,-135,0.130527269,524.2667929,2.055948207,0.991937582,0.937155241,0.929115847,0.22837534,0
263614,60948,0.231201681,16.71659395,63.11328659,2524896,1946302,0.371907853,"(818.4527111610157, 1189.798838453193)",579.3477102,-68,0.135443523,533.3853532,2.091707268,0.991797353,0.932364042,0.93307235,0.241987011,0
312980,74267,0.237289923,17.81878269,65.00984978,2645412,2021248,0.391888456,"(864.1767652885169, 1329.103533772126)",631.2673861,-80,0.154844927,524.9639176,2.05868203,0.991926861,0.928415914,0.937915078,0.253322167,0
277740,67997,0.244822496,15.81247589,61.49916225,2669931,2058207,0.313488687,"(869.5427522143011, 1257.3581407071363)",594.6675972,-77,0.134942695,484.4725934,1.899892523,0.992549556,0.936073722,0.935975777,0.232461871,0
292737,58275,0.199069472,16.66629493,63.02491428,2645490,2055283,0.445206825,"(854.9696519401374, 1215.8422099017207)",610.511527,-70,0.14243148,387.7755934,1.520688602,0.994036607,0.933732042,0.951205588,0.241462585,0
222743,54849,0.246243429,12.6813506,55.43399454,2622598,2027443,0.460090308,"(848.4337914098311, 1248.5735982724484)",532.5459566,-91,0.109864001,405.1165694,1.588692429,0.993769929,0.948292576,0.934107065,0.197721797,0
171418,41891,0.244379237,9.759282032,48.92211496,2493950,1969143,0.44776319,"(882.8826085941967, 1244.3350931640784)",467.1789553,-157,0.087052083,301.9421194,1.184086743,0.995356594,0.960071279,0.936944592,0.162412056,0
208440,46708,0.224083669,13.21783685,56.53173609,2460060,1929011,0.384357899,"(827.2451688735367, 1274.4781088082902)",515.1641008,-36,0.108055371,367.8954781,1.442727365,0.994342333,0.946594361,0.942463538,0.203882243,0
242560,60326,0.248705475,13.80958505,57.71255971,2676447,2071783,0.327210988,"(889.8556522097625, 1333.1977861147757)",555.7310356,-30,0.117077899,427.6278866,1.676972104,0.99342374,0.94391987,0.935829213,0.210572914,0
235500,50894,0.216110403,13.4076405,56.91382524,2630875,1988468,0.358362738,"(851.6016985138004, 1273.5458301486199)",547.5837039,-36,0.118432884,356.9278271,1.399716969,0.994510998,0.945978785,0.944924737,0.206039999,0
302904,67104,0.221535536,17.24512924,64.03212846,2648666,2062497,0.352947098,"(867.6087341203814, 1395.7744532921322)",621.0228265,-71,0.146862759,479.7379551,1.881325314,0.992622367,0.930872016,0.941517924,0.247459537,0
238392,50282,0.210921507,13.57228974,57.24270115,2582305,2023887,0.354717043,"(844.495750696332, 1331.857889526494)",550.9356782,-67,0.117789185,343.0724744,1.345382253,0.994724072,0.945479517,0.947669187,0.207902777,0
266520,57699,0.21649032,15.17369149,60.3245424,2651970,2032732,0.32318296,"(894.7764670568813, 1382.3802866576618)",582.5322338,-25,0.131114185,411.4778319,1.613638557,0.993672103,0.939012168,0.943484003,0.225602431,0
203984,45816,0.224605851,11.61335091,53.16516305,2614688,1969321,0.56811826,"(872.5432288806966, 1229.1629784688996)",509.6278007,-80,0.103580879,321.8392191,1.262114585,0.995050607,0.952946074,0.943089148,0.18517525,0
257489,60152,0.233609979,16.32818841,62.42658335,2457050,1929796,0.428982631,"(824.8837736757687, 1181.807599547942)",572.5776604,-72,0.133428093,478.6750152,1.877156922,0.992638714,0.934228802,0.938608619,0.237920813,0
225049,51270,0.227817053,12.81263731,55.70510604,2475795,1948034,0.393622007,"(846.312318650605, 1353.291332109896)",535.2955131,-101,0.115526218,375.5759118,1.472846713,0.994224219,0.948040389,0.939505066,0.199237871,0
168336,41071,0.243982274,9.583815586,48.49766441,2353934,1753931,0.518990408,"(809.8940749453474, 1350.504390029465)",462.9600976,-79,0.09597641,291.1947808,1.141940317,0.995521872,0.960818869,0.938119915,0.160187126,0
197137,44871,0.227613284,12.50107802,55.05904053,2505693,1864000,0.49979352,"(769.9192642679964, 1213.8292202884288)",501.0016209,-91,0.105760193,372.7161998,1.461632156,0.994268197,0.949222872,0.93854973,0.195630893,0
240669,57435,0.238647271,13.7019254,57.49998449,2625930,2024331,0.255180094,"(885.7210858066474, 1363.7207118490542)",553.5605549,-148,0.118888166,427.1631368,1.675149556,0.993430887,0.944322678,0.935424132,0.209363598,0
252262,50238,0.19915009,14.36194568,58.78801463,2630763,2022068,0.404375277,"(880.2647406268086, 1235.1578041877096)",566.7362297,-48,0.124754459,345.454317,1.354722812,0.994687443,0.942538322,0.950039651,0.216723266,0
127102,33337,0.262285409,14.32877886,58.72414074,1395810,1067453,0.558589343,"(632.2548504350837, 861.0819420622806)",402.2826029,-24,0.119070348,463.3696535,1.817135896,0.992874086,0.941702232,0.932850439,0.216356488,0
179234,40060,0.223506701,11.36579241,52.622199,2463324,1864143,0.506811214,"(855.4184139170023, 1143.9005713201736)",477.7110178,-76,0.096148203,337.5152253,1.323589119,0.994809534,0.953746947,0.939080361,0.182210626,0
279460,67751,0.242435411,15.91040006,61.67666645,2673144,2057420,0.294699475,"(865.0367208187218, 1358.4349817505188)",596.5060965,-145,0.135830312,477.4142062,1.872212573,0.992658103,0.935771472,0.937271179,0.233503766,0
261869,61595,0.235213026,16.60593801,62.91865395,2491650,1948051,0.267124941,"(815.2788149800091, 1279.0829918776183)",577.4270225,-59,0.134426152,482.3633526,1.891620991,0.992581993,0.93318264,0.939099416,0.240832454,0
206828,43808,0.211808846,11.77526738,53.51669142,2553603,1981372,0.48509144,"(870.6475622256174, 1400.0035440075812)",513.1681874,-56,0.104386254,301.7968851,1.183517196,0.995358827,0.952500726,0.947332006,0.187102516,0
271471,67327,0.248008075,15.45556507,60.84648388,2666673,2065957,0.385825355,"(861.9932073775836, 1317.5927778657758)",587.9180321,-185,0.131402057,498.8217427,1.956163697,0.992328888,0.937269196,0.932657748,0.228642833,0
163305,44496,0.272471755,18.41010552,65.99730996,1398276,1087691,0.449687033,"(622.264768378188, 890.1175469214047)",455.9894559,-46,0.150139148,650.328235,2.550306804,0.989998951,0.92523706,0.925383758,0.259283888,0
159088,43049,0.270598662,17.93470418,65.20503012,1372172,1080413,0.479276805,"(630.1353401890777, 946.190190334909)",450.0634763,-33,0.147247395,613.7418787,2.406830897,0.990561593,0.927261545,0.927859976,0.25449733,0
167813,41672,0.248324027,9.554039807,48.42520495,2391660,1796281,0.627638326,"(864.2567977451091, 1205.4776268823034)",462.2403571,-76,0.093422466,301.2740416,1.18146683,0.995366868,0.960851388,0.935786296,0.159808274,0
180027,43353,0.240813878,10.24941527,50.08543082,2303640,1757887,0.394186214,"(786.9325712254273, 1440.715514894988)",478.7666399,-87,0.10241102,314.2870353,1.232498177,0.995166748,0.958125782,0.937379998,0.16855952,0
252392,53081,0.210311737,14.36934692,58.8022562,2676487,2055234,0.350812557,"(853.0794518051285, 1278.985110463089)",566.882241,-44,0.122804508,379.5843786,1.488566191,0.994162575,0.942235607,0.945130275,0.216805069,0
201510,45211,0.224361074,11.47249952,52.85706322,2577030,2035381,0.506447399,"(878.8338146990224, 1336.3950176169917)",506.5278873,-27,0.099003577,294.8546853,1.156292883,0.995465588,0.953688798,0.947251236,0.183491178,0
250027,59983,0.23990609,14.23470119,58.54248103,2632450,2058614,0.260854377,"(885.7808796649962, 1258.0760957816556)",564.220049,-65,0.121454046,402.5313988,1.578554505,0.993809685,0.942548243,0.941295709,0.215314385,0
284416,69924,0.245851148,16.1925583,62.1844307,2606598,2042259,0.359867263,"(875.6173738467596, 1202.5088497130962)",601.7721316,-135,0.139265392,515.3494066,2.020978065,0.992074718,0.934429622,0.933388036,0.236491833,0
253468,55951,0.220741869,14.43060646,58.91996474,2674858,2070544,0.346817365,"(845.614965202708, 1238.6606830053497)",568.0893248,-53,0.122416138,403.9837418,1.584249968,0.993787351,0.941812552,0.941836383,0.217481545,0
215116,54066,0.251334164,12.24712524,54.52545148,2547200,1951883,0.351369032,"(874.521295487086, 1405.4119219397905)",523.3490211,-114,0.110209475,389.5474519,1.527637066,0.994009359,0.950036382,0.934510345,0.192667182,0
283172,67754,0.239268007,16.12173407,62.0574885,2656779,2075849,0.420141916,"(856.1761791420056, 1339.2274094896388)",600.4546514,-121,0.13641262,479.7089082,1.881211405,0.992622814,0.934977908,0.937740859,0.23574375,0
261422,64872,0.2481505,16.57759233,62.86866848,2505864,1947373,0.403103631,"(831.5976237654061, 1172.1403018873698)",576.9339895,-96,0.134243414,534.614799,2.096528624,0.991778446,0.932862424,0.932395061,0.240536205,0
227479,55682,0.244778639,12.95098366,55.98904229,2637295,1962415,0.419874359,"(832.8759885527895, 1379.2716734291957)",538.1777201,-93,0.115917887,407.0046153,1.596096531,0.993740894,0.947273608,0.935105985,0.200829459,0
249512,55695,0.223215717,15.82234172,61.51707601,2428920,1913488,0.239654244,"(859.156645772548, 1188.7803191830453)",563.6386655,-42,0.130396428,440.1415956,1.726045473,0.993231298,0.936395264,0.941869184,0.232566956,0
289414,70831,0.24473937,18.35265321,65.90225101,2458455,1939240,0.412770788,"(841.3284879100527, 1294.3510369228854)",607.0365307,-59,0.14924094,582.2072929,2.283165855,0.991046546,0.926009651,0.932998499,0.258708213,0
232299,50439,0.217129648,13.22539906,56.54702097,2478894,1955227,0.452626611,"(850.3955548667881, 1395.9706068472099)",543.8494948,-71,0.118809223,350.2180022,1.37340393,0.994614185,0.94670926,0.945256748,0.203968428,0
217703,53870,0.24744721,13.80523285,57.70398533,2407863,1877944,0.544554617,"(837.2913280937792, 1241.8984304304488)",526.4865322,-56,0.115926247,437.0032734,1.713738327,0.993279561,0.943859613,0.934404072,0.210524094,0
294344,75153,0.255323703,16.75778571,63.18553611,2699433,2098299,0.173475206,"(871.7571956622184, 1331.0951811485882)",612.1849562,-119,0.140277434,543.873424,2.132836957,0.991636062,0.932129614,0.93191104,0.24241601,0
210301,47643,0.226546712,13.33584872,56.76967996,2477451,1842509,0.378769605,"(838.2815298072762, 1266.447444377345)",517.4587418,-41,0.114138384,378.7340134,1.485231425,0.994175653,0.946069034,0.941263933,0.20522516,0
177112,46488,0.26247798,19.96663059,68.50419304,1400562,1097330,0.439821185,"(623.0265086498938, 936.6778648538777)",474.8747227,-34,0.161402677,665.1123443,2.608283703,0.989771594,0.919491963,0.929170267,0.274598883,0
209624,49872,0.23791169,11.93445109,53.8595758,2550409,1952924,0.488071894,"(831.4163025226119, 1163.9737673167194)",516.62517,-49,0.107338534,361.952934,1.419423271,0.99443372,0.951424799,0.937635579,0.188988329,0
190466,47318,0.248432791,12.0780489,54.16662446,2393496,1797091,0.422175511,"(756.3918652147889, 1160.3006048323584)",492.4518688,-40,0.105985729,371.2279233,1.455795778,0.994291085,0.950813254,0.93676179,0.190682003,0
124381,30759,0.247296613,14.02202832,58.12916603,1349088,1042311,0.596582046,"(631.5831276481134, 917.3406549231796)",397.9532734,-13,0.119331946,446.8022469,1.752165674,0.993128868,0.942970692,0.933919126,0.212949055,0
231631,54270,0.234295064,13.18736805,56.47009985,2626018,1984180,0.320184658,"(852.9130729479215, 1258.4786146931974)",543.0669839,-69,0.116738905,390.7964669,1.532535164,0.993990151,0.946524679,0.938747322,0.203534817,0
138502,33637,0.242862919,15.61395202,61.13724125,1398150,1082038,0.397365385,"(628.9348312659745, 940.2269642315634)",419.9359754,-23,0.12800105,478.0387114,1.874661613,0.992648499,0.936845984,0.936085167,0.230341817,0
138860,34186,0.246190408,15.65431097,61.21104349,1388752,1056091,0.450396291,"(654.9917254788996, 851.4018795909549)",420.4783504,-31,0.131484882,490.5217921,1.923614871,0.992456528,0.936596726,0.934574198,0.230773664,0
165973,40805,0.245853241,18.71088113,66.49193647,1379378,1079514,0.411782678,"(634.4777162550536, 995.0327041145247)",459.6992353,-20,0.15374789,593.9530319,2.329227576,0.990865915,0.924606665,0.932862109,0.262285355,0
245616,59185,0.240965572,15.57528409,61.0664226,2496391,1915771,0.444701652,"(853.3576151390789, 1207.9018956419777)",559.2208902,-91,0.12820739,470.5542022,1.845310597,0.992763599,0.937056374,0.93693188,0.229927656,0
274629,62821,0.228748603,17.41508979,64.32388782,2505853,1930666,0.260053376,"(827.1975537907505, 1251.9938826562382)",591.3277458,-72,0.142245733,516.9496041,2.02725335,0.992050109,0.929948729,0.937553188,0.249204759,0
263197,67646,0.257016607,14.98450427,59.97093647,2681406,2084877,0.30275033,"(874.4544732652728, 1342.963274657386)",578.8893059,-124,0.12624102,479.3893928,1.879958403,0.992627727,0.93916055,0.933377697,0.223549559,0
202763,45534,0.224567599,11.54383614,53.01337625,2467941,1910707,0.503831902,"(874.8474277851482, 1263.357027662838)",508.1002557,-43,0.106119358,321.6068442,1.261203311,0.995054181,0.953208074,0.942804123,0.184344988,0
205282,45151,0.21994622,11.6872495,53.32594885,2637351,2057236,0.357695265,"(861.9578287429, 1231.6311318089263)",511.2466726,-49,0.099785343,324.0467805,1.270771688,0.995016658,0.952651977,0.943043801,0.186055996,0
239839,50530,0.210683,13.65467129,57.40636838,2586966,2049632,0.461420418,"(873.2624343830653, 1249.565654459867)",552.6051929,-48,0.11701564,351.0603612,1.376707299,0.994601231,0.94510986,0.946755647,0.208831698,0
262205,62927,0.23999161,14.92802708,59.8648554,2629232,2057373,0.153410211,"(838.8111820903491, 1256.1885356877253)",577.7973475,-118,0.127446506,463.8202753,1.81890304,0.992867157,0.939494347,0.935312749,0.222934801,0
264409,63003,0.238278576,15.05350665,60.10021741,2687960,2075712,0.330587543,"(854.154366908842, 1357.376969013914)",580.2206432,-111,0.127382315,436.4581323,1.711600519,0.993287944,0.939252822,0.939604659,0.224299451,0
284557,69504,0.244253348,16.2005858,62.19879741,2668302,2072653,0.389330794,"(875.1396802749537, 1295.5021067835266)",601.9212782,-124,0.137291192,482.5264538,1.892260603,0.992579484,0.934666125,0.937659405,0.236576542,0
229922,58388,0.253946991,13.09007014,56.27271052,2611375,1956774,0.371700638,"(843.2594793016763, 1307.9633440906046)",541.0598697,-93,0.117500539,413.3949247,1.621156568,0.993642621,0.946705048,0.934749933,0.202423406,0
286818,73806,0.257326946,16.32931054,62.42858163,2666653,2042255,0.185508994,"(828.6765021721092, 1326.389714034684)",604.3078849,-152,0.140441816,544.1057989,2.133748231,0.991632489,0.93369567,0.930220106,0.237932616,0
248232,60662,0.244376229,14.13250707,58.34433604,2627520,2046591,0.386931481,"(874.9200304553805, 1330.061543233749)",562.1910695,-46,0.121290478,427.744074,1.677427741,0.993421953,0.942723183,0.93719433,0.214179449,0
177161,40439,0.228261299,11.23433695,52.33111499,2406942,1876402,0.309053351,"(803.1663571553559, 1139.219416237208)",474.9404078,-26,0.094415269,311.7292174,1.222467519,0.995206083,0.954445297,0.94310693,0.18062742,0
243700,60405,0.247866229,13.87448828,57.8402376,2663408,2019994,0.502508288,"(867.7601395157981, 1264.2930857611818)",557.0354361,-56,0.120643923,437.358585,1.715131706,0.993274097,0.943601151,0.934658427,0.211300274,0
259324,57973,0.223554318,16.44455154,62.63335667,2453916,1913918,0.220337814,"(864.025759281825, 1183.864108219833)",574.6142808,-57,0.135493788,456.9655907,1.792021924,0.992972571,0.933979058,0.941779224,0.239143036,0
185777,44861,0.241477686,10.57677804,50.84496206,2318982,1722857,0.250528704,"(828.4482686231341, 1278.2928564892318)",486.352365,-82,0.107830772,325.5572173,1.27669497,0.99499343,0.956804428,0.937057912,0.172611818,0
238359,55382,0.232347006,15.11509487,60.21530618,2441316,1910364,0.441787736,"(830.6964620593307, 1183.2480292332154)",550.8975446,-28,0.12477151,454.6684683,1.783013601,0.993007897,0.938877796,0.937326224,0.224967655,0
264242,66563,0.251901666,15.0439989,60.08242518,2648646,2055660,0.432702368,"(886.345997229812, 1342.2201845278191)",580.0373814,-103,0.128543631,494.2613856,1.938279943,0.992399019,0.938821303,0.931565562,0.224196203,0
183554,45410,0.247393138,11.63973722,53.22264093,2501142,1890861,0.509640276,"(801.4964642557503, 1297.5200812839819)",483.4337715,-17,0.097074296,370.1926005,1.451735688,0.994307006,0.952460347,0.934681374,0.185489951,0
274158,61493,0.224297668,17.3852222,64.27274469,2490020,1921870,0.263039237,"(868.7969856797905, 1262.7344669861905)",590.8204525,-66,0.142651688,483.4633831,1.895934836,0.992565076,0.930330074,0.941505301,0.248898574,0
234518,61101,0.260538637,14.87152496,59.75848567,2477412,1914124,0.362854679,"(835.3932832447829, 1264.6250735551216)",546.4408399,-79,0.122519753,496.0166717,1.945163419,0.992372025,0.939441977,0.930577262,0.222318882,0
137587,37235,0.270628766,15.51079996,60.94808508,1389785,1091443,0.398045354,"(623.7707196174057, 924.2363886122962)",418.5465437,-22,0.126059721,531.1924743,2.083107742,0.991831076,0.936795744,0.928536885,0.229236092,0
155376,39637,0.255103748,8.845968364,46.66337725,2402491,1875129,0.55784974,"(806.5805980331583, 1278.0944483060448)",444.7818201,-103,0.082861499,275.1028199,1.078834588,0.995769341,0.963736953,0.936853229,0.15068509,1
100732,27125,0.269278879,6.38773336,39.8505818,2155770,1628747,0.458586148,"(848.6181054679744, 1197.190207679784)",358.1284208,-31,0.061846315,209.6852162,0.822294965,0.996775363,0.973612613,0.934007175,0.117089737,1
138948,34593,0.248963641,8.811130276,46.57469489,2348214,1728277,0.515136509,"(809.8416098108645, 1175.7676972680426)",420.6115646,-60,0.080396835,260.8042783,1.022761876,0.995989231,0.963981387,0.939908271,0.150230414,1
91019,21266,0.233643525,5.18195342,35.97979267,1814592,1328975,0.830834103,"(749.093925444138, 1537.1608455377448)",340.4247202,-122,0.068488121,168.2394185,0.659762425,0.997412736,0.978563993,0.935044438,0.099287268,1
144612,35540,0.245761071,8.233145255,45.07402089,2245775,1712134,0.500059915,"(812.2364603214118, 1198.6264487041185)",429.0987265,-135,0.084463015,247.6825831,0.971304248,0.996191022,0.966278093,0.939067236,0.142603739,1
190434,43948,0.230778117,10.84191342,51.45037255,2587230,1957048,0.347155421,"(894.6180566495478, 1206.290756902654)",492.4104989,-100,0.09730676,329.4204498,1.291844901,0.994934019,0.955777383,0.937801004,0.175863384,1
214653,46140,0.214951573,12.22076542,54.46969867,2562240,2012514,0.377023952,"(879.5801269956628, 1367.728179899652)",522.7855086,-120,0.106659134,328.0842942,1.286605075,0.994954567,0.950626577,0.944730396,0.192358319,1
152310,37476,0.246050817,9.658456778,48.67874989,1975747,1494467,0.583726264,"(833.9726019302738, 1130.3816623990544)",440.3715648,-92,0.101915934,299.6288825,1.175015225,0.995392168,0.960469432,0.936801686,0.16113517,1
109014,26564,0.243675124,6.206456565,39.29537277,2095200,1587767,0.537616604,"(800.945107967784, 1540.9603628891703)",372.559976,-107,0.068658689,176.5468207,0.692340473,0.997284981,0.974567148,0.942854284,0.114476362,1
158429,37643,0.237601702,10.04648184,49.6076715,2083718,1678349,0.692083926,"(816.6799575835232, 1108.3212290679105)",449.1303462,-53,0.094395742,294.7110993,1.155729801,0.995467796,0.959044973,0.940145094,0.166026115,1
191199,43411,0.227046167,10.8854669,51.54901231,2647113,1990498,0.426021468,"(862.3283960690171, 1383.95752069833)",493.3985486,-57,0.096055861,305.776305,1.199122765,0.99529763,0.955802213,0.942486072,0.176394959,1
148797,34420,0.231321868,8.47140842,45.69950094,2009306,1550269,0.669369262,"(819.763120224198, 1078.988662405828)",435.2633967,-125,0.095981407,246.7530836,0.967659151,0.996205317,0.965381063,0.940946199,0.145766997,1
92983,24851,0.267263908,10.48239087,50.62735579,1270542,1026750,0.615341099,"(650.9861480055494, 842.3572265898067)",344.0779455,-18,0.090560506,333.2464808,1.306848944,0.994875181,0.957092119,0.935025927,0.171447744,1
109138,26930,0.246751819,6.213516214,39.31715721,2266600,1571333,0.477160718,"(813.0765727794169, 1318.661318697429)",372.7718034,-119,0.069455679,175.1816183,0.686986738,0.997305976,0.974550827,0.943358999,0.114578532,1
144773,34679,0.239540522,8.242311412,45.09826729,2298360,1703911,0.644003946,"(934.2059430971244, 1256.805785609195)",429.3375229,-107,0.084965118,245.1555062,0.961394142,0.996229885,0.966263241,0.939753758,0.142725944,1
202002,47965,0.237448144,11.50051038,52.91850724,2663420,1984785,0.439797699,"(768.7117256264789, 1417.8409817724578)",507.145871,-75,0.101775255,332.4122765,1.303577555,0.99488801,0.953283976,0.940670291,0.18382665,1
138453,28741,0.20758669,7.882497026,44.13505389,1898988,1424219,0.669254451,"(818.3688110766831, 1219.6882046615096)",419.8616852,-86,0.09721328,195.6015615,0.767064947,0.996991948,0.968021762,0.949810512,0.137897366,1
112677,27725,0.246057314,6.415000884,39.93335685,2205104,1654327,0.669697191,"(776.6460945889578, 1329.280909147386)",378.7674909,-117,0.068110476,194.9334837,0.764445034,0.997002222,0.97362453,0.938902766,0.117481034,1
178013,42959,0.241325072,10.1347529,49.81614972,2179996,1717979,0.387828176,"(813.8654817344801, 1238.929448972828)",476.0810762,-74,0.103617681,296.3651221,1.162216165,0.99544236,0.958700035,0.940310748,0.167130122,1
218929,51180,0.23377442,12.46420945,54.9819688,2655160,1991599,0.469223611,"(913.7255959694695, 1365.6874420474217)",527.9669121,-85,0.109926245,361.1977157,1.41646163,0.994445334,0.949453485,0.940280597,0.195201955,1
149899,35392,0.236105644,8.534148207,45.86257851,2274922,1755466,0.60450235,"(750.6030593933249, 1482.2301482998553)",436.8722176,-132,0.085389862,258.981812,1.015614949,0.996017258,0.96504641,0.938459566,0.146595398,1
146720,33976,0.231570338,9.303977273,47.81161168,1701280,1400187,0.482599261,"(746.1562227371865, 1269.6385632497274)",432.2148841,-80,0.104786004,277.6606273,1.088865205,0.995730006,0.961982755,0.939291721,0.156611568,1
240708,60658,0.251998272,13.70414577,57.50437861,2572087,1997009,0.430842923,"(828.3463906475896, 1341.1725243863934)",553.6054049,-102,0.120534259,427.8893083,1.677997288,0.99341972,0.94430861,0.935324239,0.209388574,1
103324,22740,0.220084395,5.882509752,38.28101443,2141898,1533979,0.56218345,"(852.181845457009, 1411.639173860865)",362.7067724,-89,0.067356854,161.3843593,0.63287984,0.997518156,0.975927399,0.944957146,0.109752775,1
216002,53914,0.249599541,12.29756757,54.63194635,2548306,2010383,0.383002043,"(869.3305247173637, 1213.2035860779067)",524.4256746,-143,0.107443209,400.5271653,1.570694766,0.993840507,0.949760315,0.93292672,0.193257573,1
110282,24670,0.223699244,6.278647173,39.51751028,1972866,1492900,0.768116157,"(842.6515115794056, 1501.800919461018)",374.7204338,-71,0.073870989,169.8950896,0.666255253,0.997387274,0.974342958,0.945623866,0.115519614,1
110950,23813,0.214628211,6.316678187,39.63398181,2308790,1570484,0.529327042,"(911.5438305543038, 1411.7004686795854)",375.8535985,-62,0.070647011,160.5420004,0.629576472,0.997531111,0.974270832,0.948918936,0.116067869,1
126366,31524,0.249465837,7.194352013,42.22322894,2205200,1669236,0.572121495,"(766.2660209233496, 1215.9386069037557)",401.1161781,-84,0.075702896,226.3331404,0.887580943,0.996519344,0.970400191,0.936546943,0.128474936,1
110564,31561,0.285454578,12.4643759,54.98231705,1364199,971727,0.469569972,"(579.3825747983069, 933.0029846966463)",375.1992231,-36,0.113780928,444.328641,1.742465259,0.993166908,0.948780492,0.926547725,0.195203893,1
190414,44497,0.233685548,10.84077477,51.4477907,2400268,1864177,0.60042557,"(907.4215656411818, 1227.7813973762434)",492.384641,-118,0.102143734,299.3279019,1.173834909,0.995396797,0.956021386,0.943477208,0.175849477,1
182972,47537,0.259804779,10.41708194,50.47613593,2596722,1997591,0.608621159,"(815.674873751175, 1226.1582701178322)",482.6667442,-157,0.091596328,330.8727928,1.297540364,0.994911685,0.957362834,0.935091972,0.170640258,1
78561,17672,0.22494622,4.981800426,35.29221973,2046317,1551103,0.654785493,"(867.3112103970163, 1086.0915721541223)",316.2704094,-36,0.050648474,137.0508526,0.537454324,0.997892368,0.979577428,0.945005277,0.096229624,1
170306,46414,0.27253297,9.695972919,48.76946999,2417736,1768552,0.523571529,"(879.9681044707761, 1413.102345190422)",465.6611793,-100,0.096296858,329.4204498,1.291844901,0.994934019,0.960092289,0.93077491,0.161610786,1
148401,34716,0.233933734,8.448863088,45.64073619,2556272,1930463,0.421578631,"(935.0904104419782, 1358.152296817407)",434.6838181,-131,0.076873268,242.1346327,0.949547579,0.996276341,0.965503103,0.941902186,0.145468854,1
135854,31487,0.231770872,7.734529053,43.73193306,2552875,1661882,0.815436582,"(1049.760478160378, 1452.5422144360857)",415.9022543,-209,0.08174708,234.6986363,0.920386809,0.996390695,0.968276149,0.938663233,0.135892567,1
159868,39953,0.249912428,9.101709855,47.30850759,2407080,1711079,0.395809825,"(826.3281769960217, 1387.6979445542572)",451.1654459,-87,0.093431104,291.1076402,1.141598589,0.995523212,0.962641999,0.934989466,0.154005876,1
101159,24060,0.237843395,5.759250552,37.8872,1849064,1313555,0.788328253,"(833.3992625470794, 1121.6685910299627)",358.8866661,-77,0.077011621,171.5217138,0.672634172,0.997362259,0.97632071,0.94027717,0.107936883,1
117257,27714,0.236352627,7.435635653,42.90452673,1893255,1433452,0.697007902,"(720.4922179486086, 1063.1034650383347)",386.3887282,-77,0.081800437,225.1503502,0.88294255,0.996537533,0.969489039,0.93886845,0.131807751,1
131910,33202,0.251701918,8.364828531,45.42093041,2352715,1714655,0.535088425,"(818.8707982715488, 1333.4748010006822)",409.8207271,-56,0.076930928,271.0927984,1.063109013,0.995831009,0.965592588,0.934324162,0.144355413,1
156599,37992,0.242606913,8.915597003,46.8400402,2168200,1783673,0.551390494,"(834.6668880388763, 1240.7846410258048)",446.5288786,-64,0.087795801,258.981812,1.015614949,0.996017258,0.963600824,0.941001192,0.151592154,1
178008,48938,0.274920228,10.13446824,49.81547906,2393495,1831534,0.505667963,"(860.5912711788234, 1399.3298166374545)",476.0743901,-95,0.097190661,351.3508298,1.377846391,0.994596764,0.958264382,0.929234477,0.167126567,1
147251,36522,0.24802548,8.383390534,45.46958708,2236500,1815525,0.616544905,"(817.0204412873258, 1184.874337016387)",432.9963004,-78,0.081106567,243.7612569,0.955926498,0.996251326,0.96573868,0.941070768,0.144601649,1
162275,39801,0.245268834,9.238746758,47.65003653,2461680,1932957,0.587524243,"(843.9806008319212, 1182.4753474040979)",454.5491691,-63,0.083951686,280.7669577,1.101046893,0.995682235,0.962205485,0.938194341,0.155773215,1
88070,21887,0.248518224,5.584796063,37.32201829,2199289,1639598,0.640764686,"(813.6291586238219, 1421.2362438969003)",334.8644602,-71,0.053714386,172.4459501,0.676258628,0.997348046,0.976982617,0.938124258,0.105348619,1
215530,57414,0.26638519,12.27069536,54.57524486,2609768,2040425,0.415141399,"(873.9626084535795, 1321.5510462580614)",523.8523829,-165,0.105629955,415.224877,1.628332851,0.993614479,0.949743113,0.930320845,0.19294316,1
172896,44919,0.259803581,9.843428498,49.12414053,2423520,1791302,0.428620855,"(882.4683393485101, 1287.384711040163)",469.1886873,-37,0.096519738,307.8967258,1.207438141,0.995265021,0.959706566,0.936228844,0.163474464,1
215302,55016,0.255529442,12.25771471,54.5478293,2614568,1979106,0.493283844,"(850.393085061913, 1396.9564054212224)",523.575229,-99,0.108787503,398.2034165,1.561582025,0.993876243,0.949927641,0.933110042,0.192791195,1
126933,30516,0.240410295,8.049221287,44.5843186,2122008,1523746,0.477494076,"(794.2188477385707, 1308.1799768381745)",402.0150683,-68,0.083303254,246.4715286,0.966555014,0.996209646,0.966985815,0.938027081,0.140142835,1
159326,36374,0.22829921,9.070852356,47.23120778,2415540,1784907,0.399882537,"(761.6702358685965, 1366.1351066367072)",450.4000041,-77,0.089262914,257.6747033,1.010489033,0.996037359,0.963023513,0.942267245,0.15360676,1
212706,50764,0.238658054,12.10991753,54.23448044,2571170,2001209,0.491463311,"(833.5959493385236, 1214.8490122516525)",520.4091569,-85,0.106288748,369.2146493,1.447900585,0.994322046,0.950711236,0.937260835,0.191056924,1
131322,28406,0.216308006,7.476510256,43.01873905,2333340,1701705,0.646959435,"(908.1902270754329, 1262.2651650142398)",408.9063016,-46,0.077170837,194.033031,0.760913847,0.99701607,0.96957909,0.947595595,0.132369186,1
132196,29425,0.22258616,7.526269397,43.15731647,2344436,1642407,0.699841558,"(801.6886592635178, 1431.3863354413145)",410.2647619,-59,0.080489184,203.3570734,0.797478719,0.996872681,0.969316077,0.9454295,0.133051436,1
83295,19566,0.234900054,9.390219156,48.02426125,1366237,1008104,0.421137369,"(577.3477879824719, 805.1103067411009)",325.6600803,-13,0.082625404,270.6009746,1.061180292,0.995838573,0.961707951,0.94136568,0.157717107,1
144260,35480,0.245944822,8.21310496,45.02095814,2163057,1644657,0.555844773,"(792.1928115901844, 1197.1913004297796)",428.5761738,-30,0.087714338,248.4958952,0.974493707,0.996178515,0.966347781,0.938722964,0.142336415,1
119492,24563,0.205561879,7.577364042,43.2990922,2385100,1832561,0.694006854,"(838.8922773072675, 1318.9479797810732)",390.0537651,-95,0.065204924,202.4056029,0.793747462,0.996887313,0.96912844,0.946040979,0.133750614,1
178779,46985,0.262810509,10.17836331,49.91876967,2503844,1907840,0.408876517,"(809.5201673574637, 1345.0573892906884)",477.1042785,-124,0.093707544,325.5281704,1.276581061,0.994993877,0.958304048,0.934706459,0.167674397,1
120574,27015,0.224053278,6.864598069,41.27165857,2216192,1659406,0.603750902,"(823.5549206296548, 1429.2936785708362)",391.8157537,-49,0.07266094,162.7205149,0.638119666,0.997497608,0.972159225,0.952253062,0.123867059,1
228588,53873,0.235677288,14.49548498,59.04430189,2304299,1782237,0.474888032,"(887.9913118798887, 1258.2395795054858)",539.4879805,-64,0.128259036,434.2855512,1.703080593,0.993321355,0.941327566,0.937737904,0.218196806,1
215502,53923,0.250220416,12.26910124,54.57187894,2617843,1979568,0.447646803,"(848.94550862637, 1352.4834850720642)",523.8183544,-57,0.108863146,369.7374928,1.449950952,0.994314005,0.950112823,0.937946459,0.1929245,1
183326,45776,0.249697261,10.4372361,50.52285926,2323118,1779707,0.437018582,"(808.507729400085, 1398.9029815738083)",483.1334317,-65,0.103009091,314.6936913,1.234092907,0.995160494,0.957415659,0.938379989,0.170889624,1
141666,33024,0.233111685,8.06542165,44.62769873,2427662,1811759,0.493543807,"(806.1147911284288, 1200.1309629692375)",424.7054901,-98,0.078192519,226.2169529,0.887125306,0.996521131,0.967084744,0.943229325,0.140360274,1
198096,48664,0.245658671,11.27813143,52.42830596,2489723,1951234,0.384805804,"(890.5979222195299, 1351.0802085857363)",502.2187381,-41,0.101523446,351.8446264,1.379782849,0.99458917,0.953962022,0.936022178,0.181155564,1
159121,42989,0.270165472,9.059181161,47.20193251,2283874,1712007,0.357106955,"(815.4687941880707, 1417.406954456043)",450.1101527,-119,0.092944129,289.481016,1.135219671,0.995548227,0.962815831,0.935060473,0.153455691,1
172100,41142,0.239058687,9.798110104,49.01545792,2422452,1821045,0.303108465,"(886.9430737943056, 1430.1592504357932)",468.1073869,-23,0.094506176,292.5018896,1.147066234,0.99550177,0.959999706,0.939148447,0.162902654,1
175257,44981,0.256657366,9.977846499,49.44485248,2464792,1932488,0.351399692,"(830.0304581272075, 1358.2497532195575)",472.3813532,-54,0.090689826,313.299442,1.228625263,0.995181936,0.959156788,0.935948885,0.165165506,1
110950,23813,0.214628211,6.316678187,39.63398181,2308790,1570484,0.529327042,"(911.5438305543038, 1411.7004686795854)",375.8535985,-62,0.070647011,160.5420004,0.629576472,0.997531111,0.974270832,0.948918936,0.116067869,1
149899,35392,0.236105644,8.534148207,45.86257851,2274922,1755466,0.60450235,"(750.6030593933249, 1482.2301482998553)",436.8722176,-132,0.085389862,258.981812,1.015614949,0.996017258,0.96504641,0.938459566,0.146595398,1
202002,47965,0.237448144,11.50051038,52.91850724,2663420,1984785,0.439797699,"(768.7117256264789, 1417.8409817724578)",507.145871,-75,0.101775255,332.4122765,1.303577555,0.99488801,0.953283976,0.940670291,0.18382665,1
179646,47774,0.265934115,10.22772393,50.03462066,2346924,1822582,0.575279238,"(862.873885307772, 1398.8678567850104)",478.2597529,-85,0.098566759,338.6573516,1.328068045,0.99479197,0.958013839,0.932387233,0.168289516,1
159121,42989,0.270165472,9.059181161,47.20193251,2283874,1712007,0.357106955,"(815.4687941880707, 1417.406954456043)",450.1101527,-119,0.092944129,289.481016,1.135219671,0.995548227,0.962815831,0.935060473,0.153455691,1
157794,41605,0.263666553,8.983631526,47.01191768,2191640,1666436,0.564247839,"(780.7690786721929, 1174.4198575357746)",448.2293617,-134,0.094689505,300.4316826,1.178163461,0.995379822,0.963015192,0.932057998,0.152476317,1
133018,30973,0.232848186,7.573068041,43.28719199,1790880,1522260,0.613895795,"(785.2078966756379, 1206.2684298365634)",411.5383066,-117,0.087381919,209.3697736,0.821057936,0.996780214,0.969090469,0.944152633,0.133691881,1
149347,39161,0.262214842,8.502721381,45.7809751,2344774,1746857,0.409474418,"(820.4158637267572, 1438.1730265756928)",436.0670892,-153,0.085494691,268.6834636,1.053660642,0.995868061,0.965088951,0.935926409,0.14618068,1
126518,34857,0.275510204,14.26294192,58.59708762,1368275,1076512,0.451377189,"(614.2355079909578, 961.1925496767259)",401.3573479,-20,0.117525861,487.5304548,1.911884136,0.99250253,0.941751375,0.92904246,0.215627479,1
172333,43567,0.252807065,9.811375413,49.04730006,2257486,1686882,0.415936569,"(819.6127613399639, 1441.9259863171883)",468.4241566,-127,0.102160673,303.3944624,1.189782205,0.995334259,0.95986321,0.936964302,0.163070119,1
141666,33024,0.233111685,8.06542165,44.62769873,2427662,1811759,0.493543807,"(806.1147911284288, 1200.1309629692375)",424.7054901,-98,0.078192519,226.2169529,0.887125306,0.996521131,0.967084744,0.943229325,0.140360274,1
143066,34078,0.238197755,8.145127368,44.84043241,2376608,1901029,0.642957822,"(840.1753106957628, 1334.5770553450855)",426.7988856,-74,0.075257137,245.0683657,0.961052414,0.996231225,0.966633064,0.939080599,0.141428159,1
195395,51550,0.263824561,11.12435633,52.08607837,2535750,1934630,0.499696515,"(812.822324010338, 1251.6616545970983)",498.7831601,-80,0.100998641,368.0818217,1.443458124,0.994339467,0.954409295,0.932187288,0.179298005,1
67051,16039,0.239205978,7.558960137,43.24808616,1270113,891200,0.710503074,"(578.8122772218162, 1097.1079178535742)",292.1848468,-28,0.075236759,239.9397672,0.940940263,0.996310095,0.968898813,0.935892246,0.133498936,1
197093,43783,0.222143861,11.22102798,52.30153597,2595177,1954763,0.430689384,"(892.3767865931312, 1243.536310269771)",500.9457072,-44,0.100827057,314.3741758,1.232839905,0.995165408,0.954474923,0.94255819,0.180466781,1
178779,46985,0.262810509,10.17836331,49.91876967,2503844,1907840,0.408876517,"(809.5201673574637, 1345.0573892906884)",477.1042785,-124,0.093707544,325.5281704,1.276581061,0.994993877,0.958304048,0.934706459,0.167674397,1
213114,46533,0.218347926,12.13314606,54.28387432,2608029,1996973,0.449055034,"(869.4734179828637, 1378.7803945306268)",520.9080268,-53,0.106718518,325.5572173,1.27669497,0.99499343,0.950973793,0.944779994,0.19132998,1
147251,36522,0.24802548,8.383390534,45.46958708,2236500,1815525,0.616544905,"(817.0204412873258, 1184.874337016387)",432.9963004,-78,0.081106567,243.7612569,0.955926498,0.996251326,0.96573868,0.941070768,0.144601649,1
186828,41568,0.222493416,10.63661426,50.9823408,2442240,1834327,0.540289437,"(872.6146990815081, 1208.5708084441305)",487.7261503,-74,0.101850979,284.9787526,1.117563736,0.995617465,0.956902547,0.945199736,0.17334799,1
186784,51080,0.273470961,10.63410922,50.97659829,2359272,1829256,0.307155679,"(779.799891853692, 1362.133646350865)",487.6687145,-124,0.102109273,367.9365874,1.442888578,0.9943417,0.956251811,0.929231337,0.173317198,1
62167,16176,0.260202358,3.942205256,31.45983722,1966032,1398723,0.637726242,"(857.3727540334904, 1093.7239210513617)",281.3422876,-53,0.044445541,122.7504568,0.48137434,0.998112287,0.983698327,0.938012138,0.079798788,1
101800,27897,0.274037328,6.455458604,40.05582352,2141370,1464639,0.406519778,"(839.102072691552, 1234.540442043222)",360.0219239,-36,0.069505182,212.8558922,0.834728989,0.996726603,0.973328545,0.933694029,0.118060757,1
149424,37729,0.252496252,8.507105195,45.79236821,2232870,1687561,0.498335968,"(771.9629176035978, 1211.2325195417068)",436.179488,-117,0.088544355,253.0852993,0.99249137,0.996107937,0.965195596,0.939676169,0.146238559,1
112541,30426,0.270354804,7.136579241,42.05825654,2288520,1648243,0.433588564,"(832.0720181978123, 1289.7957100079082)",378.5388376,-33,0.068279374,232.2358404,0.910728786,0.996428569,0.970573616,0.93438162,0.127672123,1
172100,41142,0.239058687,9.798110104,49.01545792,2422452,1821045,0.303108465,"(886.9430737943056, 1430.1592504357932)",468.1073869,-23,0.094506176,292.5018896,1.147066234,0.99550177,0.959999706,0.939148447,0.162902654,1
143198,35574,0.248425257,8.152642479,44.86043081,2183004,1692997,0.728060242,"(937.481759521781, 1467.003407868825)",426.9957334,-152,0.084582548,254.9152515,0.999667653,0.996079795,0.96652678,0.936689332,0.141528682,1
93143,20374,0.218738928,5.302878381,36.38836996,2027676,1460377,0.656683289,"(730.2835854546236, 1605.4340422790763)",344.3738534,-62,0.063780106,145.2052578,0.569432383,0.997766966,0.978279227,0.945189581,0.10111951,1
159326,36374,0.22829921,9.070852356,47.23120778,2415540,1784907,0.399882537,"(761.6702358685965, 1366.1351066367072)",450.4000041,-77,0.089262914,257.6747033,1.010489033,0.996037359,0.963023513,0.942267245,0.15360676,1
190414,44497,0.233685548,10.84077477,51.4477907,2400268,1864177,0.60042557,"(907.4215656411818, 1227.7813973762434)",492.384641,-118,0.102143734,299.3279019,1.173834909,0.995396797,0.956021386,0.943477208,0.175849477,1
156733,35519,0.226621069,8.923225978,46.85934979,2417772,1877408,0.685310038,"(841.5447927366923, 1218.399922160617)",446.7198827,-69,0.083483718,257.0356724,1.007983029,0.996047186,0.963587344,0.941492791,0.151691404,1
175534,44216,0.25189422,9.993616845,49.48231924,2563176,2001987,0.584753214,"(844.4902639944398, 1360.1416477719415)",472.7545137,-119,0.08767989,316.7560184,1.242180464,0.995128779,0.959069893,0.935340247,0.165363419,1
144260,35480,0.245944822,8.21310496,45.02095814,2163057,1644657,0.555844773,"(792.1928115901844, 1197.1913004297796)",428.5761738,-30,0.087714338,248.4958952,0.974493707,0.996178515,0.966347781,0.938722964,0.142336415,1
109138,26930,0.246751819,6.213516214,39.31715721,2266600,1571333,0.477160718,"(813.0765727794169, 1318.661318697429)",372.7718034,-119,0.069455679,175.1816183,0.686986738,0.997305976,0.974550827,0.943358999,0.114578532,1
144773,34679,0.239540522,8.242311412,45.09826729,2298360,1703911,0.644003946,"(934.2059430971244, 1256.805785609195)",429.3375229,-107,0.084965118,245.1555062,0.961394142,0.996229885,0.966263241,0.939753758,0.142725944,1
149899,35392,0.236105644,8.534148207,45.86257851,2274922,1755466,0.60450235,"(750.6030593933249, 1482.2301482998553)",436.8722176,-132,0.085389862,258.981812,1.015614949,0.996017258,0.96504641,0.938459566,0.146595398,1
182972,47537,0.259804779,10.41708194,50.47613593,2596722,1997591,0.608621159,"(815.674873751175, 1226.1582701178322)",482.6667442,-157,0.091596328,330.8727928,1.297540364,0.994911685,0.957362834,0.935091972,0.170640258,1
147251,36522,0.24802548,8.383390534,45.46958708,2236500,1815525,0.616544905,"(817.0204412873258, 1184.874337016387)",432.9963004,-78,0.081106567,243.7612569,0.955926498,0.996251326,0.96573868,0.941070768,0.144601649,1
2694,700,0.259836674,0.30370671,8.79505391,318976,83984,0.993350471,"(941.1900519673349, 1080.7887899034893)",58.56711819,1,0.032077539,9.089063346,0.035643386,0.999860224,0.998739094,0.941281178,0.009209293,2
38863,9578,0.246455498,2.212573812,23.64975347,891000,581480,0.891878331,"(527.056377531328, 1609.1105678923398)",222.4452931,-33,0.066834629,65.52971826,0.256979287,0.998992254,0.990850001,0.941441634,0.049828517,2
70002,16228,0.231821948,3.985399788,31.62899832,1854923,1394429,0.713839427,"(863.391888803177, 1598.485743264478)",298.5453309,-67,0.050201193,117.1459901,0.45939604,0.998198475,0.983575366,0.941472276,0.080501487,2
72349,18155,0.250936433,4.119020732,32.14628991,1841692,1115591,0.793611087,"(525.5487981865679, 1389.089773182767)",303.5088266,-40,0.064852621,121.5320661,0.476596338,0.998131023,0.983025034,0.941219356,0.082663541,2
9064,2479,0.273499559,0.574776786,12.09287857,191590,89152,0.987703685,"(799.004854368932, 1615.1141879964696)",107.4273859,-29,0.10166906,24.75068514,0.09706151,0.999619372,0.997556914,0.91540943,0.01598986,2
36114,9035,0.250179986,2.290102476,24.05684023,1303164,821563,0.776103373,"(777.2013623525503, 1478.3209004818077)",214.4336096,-67,0.043957676,80.6581151,0.316306334,0.998759602,0.990431058,0.930342768,0.051263837,2
64783,15963,0.246407236,4.108094054,32.10432287,1967774,1355037,0.780085625,"(719.4014787830141, 997.6341169751323)",287.2007615,-79,0.047809027,137.2449756,0.538215591,0.997889383,0.982944492,0.933447247,0.082487398,2
26290,6852,0.260631419,1.496759527,19.47905004,963480,584892,0.795374196,"(701.3372384937238, 1600.2205781666032)",182.9575569,-47,0.044948469,56.81565998,0.22280651,0.999126262,0.993706269,0.925159631,0.036010394,2
12730,3996,0.313904163,0.724752711,13.57522283,863203,514900,0.905940108,"(684.9830322073841, 1114.7614296936372)",127.3119767,-66,0.024723247,30.52825084,0.119718631,0.999530522,0.996925461,0.917203708,0.019502288,2
88198,22152,0.251162158,5.021346397,35.42921692,1808018,1470548,0.539360023,"(738.387140297966, 1215.956370892764)",335.1077161,-81,0.059976281,146.0185699,0.572621843,0.997754459,0.979355539,0.941857892,0.096836259,2
0,10,0.251162158,0,0,0,0,1,1,1,0,0,2,0,1,1,1,0,2
76473,17392,0.227426673,4.353811005,33.03431755,1540672,953848,0.794866313,"(679.9257123429184, 1607.1795012618834)",312.0391766,-47,0.080173151,129.2294843,0.506782291,0.998012649,0.98205872,0.940811646,0.086421033,2
61544,15575,0.253070974,3.503863383,29.68514955,1630656,1168323,0.768361683,"(802.2523885350319, 1483.1169407253346)",279.929017,-94,0.052677213,108.9838222,0.427387538,0.998323996,0.985501291,0.938185792,0.072557389,2
1455,191,0.131271478,0.092266132,4.849675319,1740,1659,0.996930484,"(1625.93264604811, 1240.2735395189004)",43.04141654,1,0.877034358,0.452953715,0.001776289,0.999993034,0.999634606,0.990374523,0.003229011,2
34027,7516,0.220883416,1.937247487,22.14148101,622592,311410,0.933414008,"(803.389396655597, 952.7809092779263)",208.1454347,-34,0.109267525,58.03562814,0.227590699,0.999107501,0.991979759,0.940832249,0.044641682,2
87738,18870,0.215072147,4.995157375,35.33855591,1689350,1132810,0.826821593,"(782.3168410494883, 1045.5723745697417)",334.2326902,-34,0.077451647,130.1880307,0.510541297,0.997997908,0.979580063,0.94789502,0.096434659,2
51614,12543,0.243015461,2.938522109,27.21558791,1050990,760484,0.815602825,"(706.3159220366567, 1086.8052078893325)",256.3532443,-78,0.067869935,91.06190901,0.357105526,0.998599608,0.987831571,0.938552293,0.062890973,2
629,206,0.327503975,0.035810641,3.021660299,1887,811,0.965797826,"(882.0794912559619, 957.9618441971384)",28.29960554,-2,0.775585697,1.771858517,0.006948465,0.999972752,0.999845896,0.903007041,0.001386181,2
13449,3864,0.287307607,0.765687291,13.95220349,371070,159663,0.970627145,"(726.9714476912782, 1068.4158673507325)",130.857933,-27,0.084233667,30.0344542,0.117782173,0.999538116,0.996769111,0.922885319,0.020438572,2
39283,9512,0.242140366,2.236485527,23.77607919,1270065,757679,0.774763167,"(730.3976274724436, 1535.9910139245985)",223.6440677,-76,0.051846494,70.29340345,0.275660406,0.998918995,0.99072008,0.937850449,0.050272333,2
83406,19805,0.237452941,4.748525109,34.47209614,1734099,1356928,0.727247144,"(766.1117905186677, 1483.0826918926696)",325.8769975,-83,0.061466784,139.1344638,0.545625348,0.997860326,0.980459704,0.941479917,0.092625295,2
114429,28317,0.247463493,6.514746898,40.23454401,2048320,1584317,0.663290109,"(767.5975495722238, 1174.8933399750063)",381.7008356,-85,0.072226076,204.9546507,0.803743728,0.996848112,0.973164238,0.936720007,0.118908463,2
3502,857,0.244717304,0.199378161,7.127529692,30498,6079,0.995822193,"(888.2747001713307, 1656.867218732153)",66.77488215,-4,0.576081592,7.435996398,0.02916077,0.999885646,0.999160911,0.926841692,0.00637496,2
81118,17544,0.216277522,4.618263192,34.00483435,2356592,1456888,0.751572591,"(740.8287186567716, 1448.5597894425405)",321.3761743,-48,0.055678954,120.0216294,0.470673056,0.998154252,0.981110845,0.948121943,0.090592833,2
12066,3165,0.26230731,0.76514306,13.9472591,618948,261079,0.915777375,"(1019.7926404773744, 1540.3565390353058)",123.9471998,-29,0.046215896,29.9920067,0.117615713,0.999538769,0.996771507,0.922941238,0.020426182,2
5376,1437,0.267299107,0.306069959,8.829165345,39022,27465,0.946479216,"(996.093005952381, 1681.5619419642858)",82.73412713,-11,0.195740033,13.18727486,0.051714803,0.9997972,0.998698476,0.915449072,0.009271645,2
73538,19040,0.258913759,4.18671366,32.40499054,1880784,1332280,0.733003119,"(738.4184095297669, 1185.3147352389242)",305.99263,-163,0.055197106,132.2794047,0.518742763,0.997965746,0.982679886,0.937038705,0.083752217,2
67619,17278,0.255519898,3.849729268,31.09438129,1478829,885236,0.825108261,"(834.2395036897914, 1520.7041659888494)",293.4198098,-74,0.07638528,121.6482536,0.477051975,0.998129237,0.984064677,0.937115005,0.078288003,2
2947,754,0.25585341,0.167780537,6.538798568,416584,65297,0.995150694,"(1230.7858839497794, 1266.3284696301323)",61.25550537,-1,0.045132242,5.780325325,0.022667942,0.999911107,0.999297527,0.932429226,0.005478221,2
1351,222,0.164322724,0.152304293,6.230120232,2088,2036,0.998681313,"(1219.1665433012583, 924.9341228719467)",41.47465039,1,0.663555992,1.035462913,0.004060639,0.999984076,0.999394617,0.986668569,0.005030724,2
41770,11055,0.264663634,2.378077043,24.51029162,1348212,922830,0.751503222,"(724.046229351209, 1560.8857553267896)",230.6148646,-74,0.045262941,79.29793034,0.310972276,0.99878052,0.990099631,0.934026596,0.052879983,2
0,10,0.264663634,0,0,0,0,1,1,1,0,0,2,0,1,1,1,0,2
93696,19622,0.20942196,5.33436214,36.49392999,1375245,1062380,0.830303406,"(459.43629397199453, 1185.4561347336066)",345.3946328,-28,0.088194431,143.288165,0.561914372,0.997796448,0.978173235,0.946225664,0.101594726,2
44731,10766,0.240683195,2.836533584,26.74453479,1150574,820231,0.875403132,"(870.9893586103597, 1613.1779750061478)",238.6488594,-85,0.054534637,97.22327954,0.381267763,0.998504855,0.988179329,0.932064642,0.061103363,2
15243,3784,0.248245096,0.966606636,15.6700467,1030975,600181,0.911763196,"(751.5950272256117, 883.2906908088959)",139.3125636,-35,0.025397338,32.22442144,0.12637028,0.999504438,0.99596643,0.934409804,0.024916956,2
5087,1612,0.31688618,0.289616421,8.588847987,51246,30457,0.978686232,"(870.123845095341, 870.073520739139)",80.47962204,-10,0.167022359,13.44869661,0.052739987,0.99979318,0.998760944,0.908880155,0.008836019,2
0,10,0.31688618,0,0,0,0,1,1,1,0,0,2,0,1,1,1,0,2
51909,13196,0.254214105,3.29171317,28.78457022,1858975,1272876,0.600366891,"(840.4981409774798, 1235.694484578782)",257.0847944,-66,0.040780877,105.6676309,0.414382866,0.998374994,0.986348472,0.936259056,0.068975889,2
4973,1651,0.331992761,0.283126098,8.492172556,154200,61793,0.962806844,"(843.4365574100141, 1611.7363764327367)",79.57273563,-17,0.080478371,13.79725894,0.054106898,0.999787819,0.998783698,0.904378005,0.008663182,2
91367,23273,0.254719975,5.793869217,37.99825956,1868924,1283273,0.723996198,"(716.066895049635, 1117.7488808869723)",341.0748854,-65,0.071198412,186.7463459,0.732338611,0.997128128,0.976068185,0.935356849,0.108447955,2
81242,20194,0.248566013,5.15181108,35.87716081,1559058,982357,0.871015334,"(674.7405036803624, 1316.6263878289556)",321.6217143,-51,0.082701095,156.7219854,0.614596021,0.997589857,0.978769565,0.939145719,0.098828806,2
13831,3658,0.264478346,0.787435566,14.14835731,690696,338922,0.953133177,"(770.7506326368303, 1016.5055310534307)",132.7033389,-26,0.0408088,28.00117394,0.109808525,0.999569385,0.996699704,0.930085519,0.020932482,2
46816,10336,0.220779221,2.665359225,25.93380926,744968,498414,0.884263133,"(757.5948393711552, 1014.4903238209159)",244.1474606,-46,0.093929946,76.62561913,0.300492624,0.998821616,0.98900395,0.943056316,0.058070131,2
92162,22598,0.245198672,5.247027446,36.20028593,1829785,1312982,0.705138625,"(875.8236257893709, 1072.6748225949957)",342.5555472,-108,0.070192889,158.3344389,0.620919368,0.99756506,0.978391208,0.939611071,0.10027465,2
88942,21223,0.238616177,5.64009233,37.50217197,1418820,1089531,0.756905714,"(827.0635133008028, 944.2401902363338)",336.5181594,-88,0.08163329,173.9342266,0.682095006,0.997325159,0.976758671,0.938188411,0.106171346,2
102672,23064,0.224637681,5.84538966,38.16288489,2249316,1729372,0.677889732,"(799.0704963378525, 1449.2281634720275)",361.5605766,-90,0.059369528,165.5380604,0.649168864,0.997454279,0.976037182,0.943190388,0.109207011,2
112335,25946,0.230969867,7.123516132,42.02085353,1977736,1518090,0.478227179,"(941.7981394934793, 1300.4981973561223)",378.1922319,-88,0.073997589,208.8763703,0.819123021,0.996787802,0.970807246,0.940876743,0.127490337,2
111573,24333,0.218090398,6.352147232,39.74226679,2125440,1548712,0.607643697,"(789.5474801251199, 1133.3154885142462)",376.907357,-77,0.072042446,171.2312452,0.671495079,0.997366726,0.974051149,0.94581433,0.116578361,2
72839,17748,0.243660676,4.146917733,32.25317186,2063945,1335279,0.826398423,"(663.656365408641, 1162.4651628935048)",304.5348834,-103,0.054549648,134.7774347,0.52853896,0.99792733,0.982814091,0.935244373,0.083112729,2
0,10,0.243660676,0,0,0,0,1,1,1,0,0,2,0,1,1,1,0,2
17695,4483,0.253348404,1.007423349,15.99618867,512295,257775,0.909703099,"(585.1074879909579, 1041.3894885560892)",150.0998792,-18,0.068645136,36.01810755,0.141247481,0.999446097,0.995777699,0.929645652,0.025805405,2
0,10,0.253348404,0,0,0,0,1,1,1,0,0,2,0,1,1,1,0,2
31721,8688,0.273887961,1.805960782,21.38360365,854130,479325,0.866464494,"(809.8970713407522, 1062.1380158254783)",200.9687329,-47,0.06617848,64.13546893,0.251511643,0.999013695,0.992444044,0.929896436,0.042115156,2
45199,11267,0.249275426,2.57329912,25.48665155,1208088,828712,0.720078592,"(760.639682293856, 1083.8811256886215)",239.8940478,-82,0.054541264,82.26071015,0.32259102,0.998734957,0.989317865,0.936704764,0.056420966,2
90472,21848,0.241489079,5.150811257,35.87375104,1570992,1192010,0.790902439,"(814.54771642055, 1154.9955013705899)",339.4002476,-97,0.075898692,152.263645,0.597112333,0.997658419,0.978808666,0.940864467,0.098813587,2
44040,12295,0.27917802,2.507314172,25.16105104,1165940,904999,0.823742073,"(809.357493188011, 1544.0410990009082)",236.7983732,-78,0.048663037,90.71334668,0.355738614,0.998604968,0.989508769,0.928382737,0.055230909,2
83450,18754,0.224733373,5.291827313,36.35123834,1981212,1480958,0.631327201,"(773.6655961653685, 982.0463630916717)",325.9629427,-58,0.056348661,153.1307095,0.600512586,0.997645085,0.978259285,0.942080964,0.100952527,2
79306,17283,0.217928026,5.029043222,35.45581399,1416896,1189580,0.684783277,"(1006.6198017804454, 1355.2874309636093)",317.7664792,-33,0.066667227,143.2627893,0.56181486,0.997796838,0.979347075,0.943041867,0.096954184,2
26525,7089,0.267257304,1.510138701,19.5653993,732752,399685,0.920588176,"(591.3520452403393, 1062.8408671065033)",183.7734446,-72,0.066364762,59.45892432,0.233172252,0.999085613,0.993633653,0.922367596,0.036279425,2
14498,3672,0.253276314,1.634424603,20.34961744,628810,357159,0.815030182,"(854.4358532211339, 805.5215891847151)",135.8654736,-28,0.040592565,54.76448295,0.214762678,0.999157806,0.993184171,0.933911949,0.038756765,2
45333,11442,0.252398915,2.580928096,25.5240176,1035090,679910,0.820484374,"(768.8891094787461, 1727.7248803300024)",240.2493877,-49,0.066675001,84.61350589,0.33181767,0.998698774,0.989269984,0.935084897,0.056558121,2
41213,10800,0.262053236,2.346365553,24.34784969,1168219,785386,0.799547595,"(771.5293960643486, 1520.6383907990198)",229.0720877,-55,0.052474834,83.7130532,0.328286483,0.998712622,0.990188746,0.92942093,0.052298934,2
15348,4785,0.311767005,0.873802405,14.90154632,1083730,599781,0.82931222,"(614.2913734688559, 1038.395621579359)",139.791561,-58,0.02558934,38.45804387,0.150815858,0.999408574,0.996281296,0.913437954,0.022871176,2
80868,20235,0.250222585,4.604030028,33.95335867,2140592,1553672,0.534470685,"(948.3426200722165, 1179.3937404164813)",320.8805627,-85,0.052049596,145.4376327,0.570343658,0.997763393,0.980967306,0.936945394,0.090369873,2
37508,8466,0.225711848,2.378500406,24.51245274,1775488,1103853,0.791112156,"(594.8183587501333, 992.9896822011304)",218.5329926,-52,0.033979162,74.86677832,0.293595209,0.998848664,0.990132131,0.937725395,0.052887729,2
63394,15865,0.250260277,3.609188797,30.12170147,1866240,1134772,0.831467001,"(651.407688424772, 1150.7297693788055)",284.1051701,-73,0.055864967,114.037976,0.447207749,0.998246271,0.98505431,0.937180377,0.074316312,2
93543,20917,0.223608394,5.93185623,38.43743514,2061152,1386129,0.818909481,"(841.6970697967779, 1310.5143409982575)",345.1125132,-66,0.067485061,171.0223812,0.670676005,0.997369938,0.975662186,0.942144845,0.110476845,2
67952,17582,0.258741465,3.868687843,31.16967524,1519812,1079841,0.819239274,"(745.0390128325877, 1088.2470861784789)",294.1414176,-87,0.062927783,133.1508105,0.522160041,0.997952345,0.983901845,0.931500995,0.078598444,2
31457,9069,0.288298312,1.790930561,21.29506658,1179699,790133,0.876318565,"(941.7582414089075, 1001.0796960930794)",200.1306982,-74,0.039812285,75.11518236,0.294569343,0.998844844,0.992417731,0.917210868,0.041823554,2
58616,15035,0.256499932,3.337164566,28.97999822,1094840,853054,0.800848576,"(796.8575303671353, 1660.4027057458713)",273.1889624,-134,0.068713118,115.5484128,0.45313103,0.998223043,0.986095853,0.931234292,0.069747653,2
38863,9578,0.246455498,2.212573812,23.64975347,891000,581480,0.891878331,"(527.056377531328, 1609.1105678923398)",222.4452931,-33,0.066834629,65.52971826,0.256979287,0.998992254,0.990850001,0.941441634,0.049828517,2
12730,3996,0.313904163,0.724752711,13.57522283,863203,514900,0.905940108,"(684.9830322073841, 1114.7614296936372)",127.3119767,-66,0.024723247,30.52825084,0.119718631,0.999530522,0.996925461,0.917203708,0.019502288,2
61544,15575,0.253070974,3.503863383,29.68514955,1630656,1168323,0.768361683,"(802.2523885350319, 1483.1169407253346)",279.929017,-94,0.052677213,108.9838222,0.427387538,0.998323996,0.985501291,0.938185792,0.072557389,2
88198,22152,0.251162158,5.021346397,35.42921692,1808018,1470548,0.539360023,"(738.387140297966, 1215.956370892764)",335.1077161,-81,0.059976281,146.0185699,0.572621843,0.997754459,0.979355539,0.941857892,0.096836259,2
3502,857,0.244717304,0.199378161,7.127529692,30498,6079,0.995822193,"(888.2747001713307, 1656.867218732153)",66.77488215,-4,0.576081592,7.435996398,0.02916077,0.999885646,0.999160911,0.926841692,0.00637496,2
12066,3165,0.26230731,0.76514306,13.9472591,618948,261079,0.915777375,"(1019.7926404773744, 1540.3565390353058)",123.9471998,-29,0.046215896,29.9920067,0.117615713,0.999538769,0.996771507,0.922941238,0.020426182,2
67619,17278,0.255519898,3.849729268,31.09438129,1478829,885236,0.825108261,"(834.2395036897914, 1520.7041659888494)",293.4198098,-74,0.07638528,121.6482536,0.477051975,0.998129237,0.984064677,0.937115005,0.078288003,2
0,10,0.255519898,0,0,0,0,1,1,1,0,0,2,0,1,1,1,0,2
4973,1651,0.331992761,0.283126098,8.492172556,154200,61793,0.962806844,"(843.4365574100141, 1611.7363764327367)",79.57273563,-17,0.080478371,13.79725894,0.054106898,0.999787819,0.998783698,0.904378005,0.008663182,2
13831,3658,0.264478346,0.787435566,14.14835731,690696,338922,0.953133177,"(770.7506326368303, 1016.5055310534307)",132.7033389,-26,0.0408088,28.00117394,0.109808525,0.999569385,0.996699704,0.930085519,0.020932482,2
88942,21223,0.238616177,5.64009233,37.50217197,1418820,1089531,0.756905714,"(827.0635133008028, 944.2401902363338)",336.5181594,-88,0.08163329,173.9342266,0.682095006,0.997325159,0.976758671,0.938188411,0.106171346,2
44040,12295,0.27917802,2.507314172,25.16105104,1165940,904999,0.823742073,"(809.357493188011, 1544.0410990009082)",236.7983732,-78,0.048663037,90.71334668,0.355738614,0.998604968,0.989508769,0.928382737,0.055230909,2
